{
    "AS_Button_ac222fecb4924328b77ade2021fe7fb0": {
        "id": "AS_Button_ac222fecb4924328b77ade2021fe7fb0",
        "type": "ACTION_SEQUENCE",
        "params": [{
            "datatype": "collection",
            "name": "eventobject"
        }, {
            "datatype": "collection",
            "name": "context"
        }],
        "contextObj": {
            "name": "TempZWE53",
            "type": "templates",
            "platform": "",
            "KUID": "ac12751b3f6044d789d12cb9a96eabcc"
        },
        "language": "js",
        "actions": [{
            "id": "INVOKE_FUNCTION___40bb712932374db2a22557e17f5c6477",
            "type": "INVOKE_FUNCTION",
            "sequenceKUID": "OnclickText",
            "display": "OnclickText",
            "inputparams": [],
            "parentId": null,
            "callbackType": null,
            "disabled": null
        }]
    }
}