{
    "AS_Button_c4df1435c0b24923859d65a496559283": {
        "id": "AS_Button_c4df1435c0b24923859d65a496559283",
        "type": "ACTION_SEQUENCE",
        "params": [{
            "datatype": "collection",
            "name": "eventobject"
        }, {
            "datatype": "collection",
            "name": "context"
        }],
        "contextObj": {
            "name": "FBox077c08d4a8aef40",
            "type": "templates",
            "platform": "",
            "KUID": "979321f723d74d299ea9fc3fad6a71c8"
        },
        "language": "js",
        "actions": [{
            "id": "INVOKE_FUNCTION___9709da9d94c949bfb2f1ec3f59415f28",
            "type": "INVOKE_FUNCTION",
            "sequenceKUID": "OrderListOnSelectZWI44",
            "display": "OrderListOnSelectZWI44",
            "inputparams": [],
            "parentId": null,
            "callbackType": null,
            "disabled": null
        }]
    }
}