{
    "AS_Button_4c5e992fbf7f424f928023c3b2e12b58": {
        "id": "AS_Button_4c5e992fbf7f424f928023c3b2e12b58",
        "type": "ACTION_SEQUENCE",
        "params": [{
            "datatype": "collection",
            "name": "eventobject"
        }],
        "contextObj": {
            "name": "popAtachment",
            "type": "popups",
            "platform": "",
            "KUID": "1332b1b236de4226be268720979afe7d"
        },
        "language": "js",
        "actions": [{
            "id": "INVOKE_FUNCTION___34e3ce878c8f4f95813e73fb5cbfdedf",
            "type": "INVOKE_FUNCTION",
            "sequenceKUID": "SubmitDismiss",
            "display": "SubmitDismiss",
            "inputparams": [],
            "parentId": null,
            "callbackType": null
        }]
    }
}