{
    "AS_Button_2414396972ac4b11bdbf6f5382380837": {
        "id": "AS_Button_2414396972ac4b11bdbf6f5382380837",
        "type": "ACTION_SEQUENCE",
        "params": [{
            "datatype": "collection",
            "name": "eventobject"
        }, {
            "datatype": "collection",
            "name": "context"
        }],
        "contextObj": {
            "name": "TempZWE53",
            "type": "templates",
            "platform": "",
            "KUID": "ac12751b3f6044d789d12cb9a96eabcc"
        },
        "language": "js",
        "actions": [{
            "id": "INVOKE_FUNCTION___731f6b5f707943cbb9dadd654cb2f08a",
            "type": "INVOKE_FUNCTION",
            "sequenceKUID": "Attachment_Btnonclick",
            "display": "Attachment_Btnonclick",
            "inputparams": [],
            "parentId": null,
            "callbackType": null,
            "disabled": false
        }]
    }
}