{
    "AS_Button_2b8d73aa8d5f44c9af5f378fee3c6960": {
        "id": "AS_Button_2b8d73aa8d5f44c9af5f378fee3c6960",
        "type": "ACTION_SEQUENCE",
        "params": [{
            "datatype": "collection",
            "name": "eventobject"
        }, {
            "datatype": "collection",
            "name": "context"
        }],
        "contextObj": {
            "name": "Temp",
            "type": "templates",
            "platform": "",
            "KUID": "34d51a25b7544da0a4ecfcf398ea2b29"
        },
        "language": "js",
        "actions": [{
            "id": "INVOKE_FUNCTION___dba91d158dee4c289307b2b08b787885",
            "type": "INVOKE_FUNCTION",
            "sequenceKUID": "long_BtnClick",
            "display": "long_BtnClick",
            "inputparams": [],
            "parentId": null,
            "callbackType": null,
            "disabled": false
        }]
    }
}