{
    "AS_Button_3626c176326a440899a9d20ee5ecb73d": {
        "id": "AS_Button_3626c176326a440899a9d20ee5ecb73d",
        "type": "ACTION_SEQUENCE",
        "params": [{
            "datatype": "collection",
            "name": "eventobject"
        }],
        "contextObj": {
            "name": "frmHome",
            "type": "forms",
            "platform": "",
            "KUID": "499926757e82442e8469755c4496e2d7"
        },
        "language": "js",
        "actions": [{
            "id": "ADD_SNIPPET__3bfc8a905b4748c5b1acbf69ea724f37",
            "type": "ADD_SNIPPET",
            "codeSnippet": "hbxHeaderPop.lblHeaderName.text = \"Logout\";\n",
            "parentId": null,
            "callbackType": null
        }, {
            "id": "DISPLAY_POPUP___5c4b0aebcaf24c7cba6233631b389d96",
            "type": "DISPLAY_POPUP",
            "popupId": "popLogout",
            "popupKUID": "151bb3c78a9a4c11ac38be407ebfd668",
            "mappings": {},
            "mappingsOrder": [],
            "parentId": null,
            "callbackType": null,
            "enableMappingEditor": true
        }]
    }
}