{
    "AS_Button_8027d925e18846f1a1ab8e9a169f3f57": {
        "id": "AS_Button_8027d925e18846f1a1ab8e9a169f3f57",
        "type": "ACTION_SEQUENCE",
        "params": [{
            "datatype": "collection",
            "name": "eventobject"
        }, {
            "datatype": "collection",
            "name": "context"
        }],
        "contextObj": {
            "name": "TempZWE53",
            "type": "templates",
            "platform": "",
            "KUID": "ac12751b3f6044d789d12cb9a96eabcc"
        },
        "language": "js",
        "actions": [{
            "id": "INVOKE_FUNCTION___31b6efdcda6f469c971a96ee938b7140",
            "type": "INVOKE_FUNCTION",
            "sequenceKUID": "Notification_BtnClick",
            "display": "Notification_BtnClick",
            "inputparams": [],
            "parentId": null,
            "callbackType": null,
            "disabled": false
        }]
    }
}