{
    "AS_Button_5e60b55b74094277aba3076d60091c86": {
        "id": "AS_Button_5e60b55b74094277aba3076d60091c86",
        "type": "ACTION_SEQUENCE",
        "params": [{
            "datatype": "collection",
            "name": "eventobject"
        }],
        "contextObj": {
            "name": "popGetOrder",
            "type": "popups",
            "platform": null,
            "KUID": "8aefb6c3595342909c69837cfc6d959a"
        },
        "language": "js",
        "actions": [{
            "id": "INVOKE_FUNCTION___e3ef1611b3554a4d85822304035bbe6b",
            "type": "INVOKE_FUNCTION",
            "sequenceKUID": "getFetchOrder2",
            "display": "getFetchOrder2",
            "inputparams": [],
            "parentId": null,
            "callbackType": null
        }]
    }
}