{
    "AS_Button_d63e4d74daba4fd8a721501c27a54b20": {
        "id": "AS_Button_d63e4d74daba4fd8a721501c27a54b20",
        "type": "ACTION_SEQUENCE",
        "params": [{
            "datatype": "collection",
            "name": "eventobject"
        }],
        "language": "js",
        "actions": [{
            "id": "INVOKE_FUNCTION__ide_onClick_388573dc4488488f9cb26ffc45b35e46",
            "type": "INVOKE_FUNCTION",
            "sequenceKUID": "syncSuccessOk",
            "display": "syncSuccessOk",
            "inputparams": [],
            "callbackType": null
        }]
    }
}