{
    "AS_Button_224b753e96cf4780bb6d2d90f667855c": {
        "id": "AS_Button_224b753e96cf4780bb6d2d90f667855c",
        "type": "ACTION_SEQUENCE",
        "params": [{
            "datatype": "collection",
            "name": "eventobject"
        }],
        "contextObj": {
            "name": "popBack",
            "type": "popups",
            "platform": null,
            "KUID": "04290b7968ff4fdf9cb7d37dfe3ed54b"
        },
        "language": "js",
        "actions": [{
            "id": "INVOKE_FUNCTION___fda8125817ca4041affbc8be0b6b068b",
            "type": "INVOKE_FUNCTION",
            "sequenceKUID": "popup_Dismiss",
            "display": "popup_Dismiss",
            "inputparams": [],
            "parentId": null,
            "callbackType": null
        }, {
            "id": "INVOKE_FUNCTION___182292edc38d404c982cfcfefe7a7928",
            "type": "INVOKE_FUNCTION",
            "sequenceKUID": "nav_onback_btn_press",
            "display": "nav_onback_btn_press",
            "inputparams": [],
            "parentId": null,
            "callbackType": null
        }]
    }
}