{
    "AS_Button_215c16b248ab45caaa53f9568ede37d5": {
        "id": "AS_Button_215c16b248ab45caaa53f9568ede37d5",
        "type": "ACTION_SEQUENCE",
        "params": [{
            "datatype": "collection",
            "name": "eventobject"
        }],
        "contextObj": {
            "name": "popNotification",
            "type": "popups",
            "platform": null,
            "KUID": "c6a6d45dc5194ad8911f561cc6ee30f5"
        },
        "language": "js",
        "actions": [{
            "id": "INVOKE_FUNCTION__ide_onClick_25ae01be27814bf1870a7cfbdf8f0c9d",
            "type": "INVOKE_FUNCTION",
            "sequenceKUID": "PopNotification_SUbmit",
            "display": "PopNotification_SUbmit",
            "inputparams": [],
            "callbackType": null
        }]
    }
}