{
    "AS_Button_e34cd69df3384ddc8a3c382006861537": {
        "id": "AS_Button_e34cd69df3384ddc8a3c382006861537",
        "type": "ACTION_SEQUENCE",
        "params": [{
            "datatype": "collection",
            "name": "eventobject"
        }],
        "contextObj": {
            "name": "frmHome",
            "type": "forms",
            "platform": "",
            "KUID": "499926757e82442e8469755c4496e2d7"
        },
        "language": "js",
        "actions": [{
            "id": "NAVIGATE_TO_FORM___b20551d4cfde4bb1abd9ffbc21755bae",
            "type": "NAVIGATE_TO_FORM",
            "formId": "frmLandingScreen",
            "formKUID": "55829541bffa4a99a50b1c7a911b9f1d",
            "mappings": {},
            "mappingsOrder": [],
            "parentId": "",
            "callbackType": null,
            "enableMappingEditor": true
        }]
    }
}