{
    "AS_Button_c2a85e9c9e0d4d1abcb69b10ab399670": {
        "id": "AS_Button_c2a85e9c9e0d4d1abcb69b10ab399670",
        "type": "ACTION_SEQUENCE",
        "params": [{
            "datatype": "collection",
            "name": "eventobject"
        }],
        "contextObj": {
            "name": "popPrevNext",
            "type": "popups",
            "platform": "",
            "KUID": "db6283b09c8c448ea8d147caea9a7a85"
        },
        "language": "js",
        "actions": [{
            "id": "INVOKE_FUNCTION___e4dff49a474641f89db996bc01f022c3",
            "type": "INVOKE_FUNCTION",
            "sequenceKUID": "tfasites_NextPrev",
            "display": "tfasites_NextPrev",
            "inputparams": [{
                "name": "btnName",
                "value": "\"Next\""
            }],
            "parentId": null,
            "callbackType": null
        }]
    }
}