{
    "AS_Button_3db9ea36d33843999babed6c48ab1999": {
        "id": "AS_Button_3db9ea36d33843999babed6c48ab1999",
        "type": "ACTION_SEQUENCE",
        "params": [{
            "datatype": "collection",
            "name": "eventobject"
        }],
        "contextObj": {
            "name": "popLogout",
            "type": "popups",
            "platform": null,
            "KUID": "151bb3c78a9a4c11ac38be407ebfd668"
        },
        "language": "js",
        "actions": [{
            "id": "INVOKE_FUNCTION___be0a1fcb5b7048d1b657938413d39d97",
            "type": "INVOKE_FUNCTION",
            "sequenceKUID": "popCancel",
            "display": "popCancel",
            "inputparams": [{
                "name": "b",
                "value": "\"logout\""
            }],
            "parentId": null,
            "callbackType": null
        }]
    }
}