{
    "AS_Button_713c7b79528f41fc82889479c29b0ced": {
        "id": "AS_Button_713c7b79528f41fc82889479c29b0ced",
        "type": "ACTION_SEQUENCE",
        "params": [{
            "datatype": "collection",
            "name": "eventobject"
        }],
        "language": "js",
        "actions": [{
            "id": "INVOKE_FUNCTION__ide_onClick_e887111a579440f4908030415336f7c0",
            "type": "INVOKE_FUNCTION",
            "sequenceKUID": "popup_Dismiss",
            "display": "popup_Dismiss",
            "inputparams": [],
            "callbackType": null
        }, {
            "id": "ADD_SNIPPET__f890e455cf0d41b89b04ef876505508b",
            "type": "ADD_SNIPPET",
            "codeSnippet": "popLogout.dismiss();",
            "parentId": null,
            "callbackType": null
        }]
    }
}