{
    "AS_Button_05704cb132484f4289a5248d8c6d7576": {
        "id": "AS_Button_05704cb132484f4289a5248d8c6d7576",
        "type": "ACTION_SEQUENCE",
        "params": [{
            "datatype": "collection",
            "name": "eventobject"
        }],
        "contextObj": {
            "name": "popPrevNext",
            "type": "popups",
            "platform": "",
            "KUID": "db6283b09c8c448ea8d147caea9a7a85"
        },
        "language": "js",
        "actions": [{
            "id": "INVOKE_FUNCTION___dd782c26f7db49b8b75b65a46a671257",
            "type": "INVOKE_FUNCTION",
            "sequenceKUID": "tfasites_NextPrev",
            "display": "tfasites_NextPrev",
            "inputparams": [{
                "name": "btnName",
                "value": "\"Prev\""
            }],
            "parentId": null,
            "callbackType": null
        }]
    }
}