{
    "AS_Button_9e73f2592e5c4b578630696fbdf10ced": {
        "id": "AS_Button_9e73f2592e5c4b578630696fbdf10ced",
        "type": "ACTION_SEQUENCE",
        "params": [{
            "datatype": "collection",
            "name": "eventobject"
        }],
        "contextObj": {
            "name": "popNotification",
            "type": "popups",
            "platform": null,
            "KUID": "c6a6d45dc5194ad8911f561cc6ee30f5"
        },
        "language": "js",
        "actions": [{
            "id": "INVOKE_FUNCTION__ide_onClick_3a1e700d2b9a43329d7a7273f0d846b2",
            "type": "INVOKE_FUNCTION",
            "sequenceKUID": "popupNotification_Cancel",
            "display": "popupNotification_Cancel",
            "inputparams": [],
            "callbackType": null
        }]
    }
}