{
    "AS_Button_9cf328921b1d47968044409552d788cd": {
        "id": "AS_Button_9cf328921b1d47968044409552d788cd",
        "type": "ACTION_SEQUENCE",
        "params": [{
            "datatype": "collection",
            "name": "eventobject"
        }],
        "contextObj": {
            "name": "popBack",
            "type": "popups",
            "platform": null,
            "KUID": "04290b7968ff4fdf9cb7d37dfe3ed54b"
        },
        "language": "js",
        "actions": [{
            "id": "INVOKE_FUNCTION___1b7c9316eb2d48f0a4411fcc0a3bab97",
            "type": "INVOKE_FUNCTION",
            "sequenceKUID": "popup_Dismiss",
            "display": "popup_Dismiss",
            "inputparams": [],
            "parentId": null,
            "callbackType": null
        }]
    }
}