{
    "AS_Button_d549b03311af4049a2b30a95ec740260": {
        "id": "AS_Button_d549b03311af4049a2b30a95ec740260",
        "type": "ACTION_SEQUENCE",
        "params": [{
            "datatype": "collection",
            "name": "eventobject"
        }],
        "contextObj": {
            "name": "poppm07",
            "type": "popups",
            "platform": null,
            "KUID": "14938735ab124b9da58326dc1929eedd"
        },
        "language": "js",
        "actions": [{
            "id": "DISMISS_POPUP___738c355ba9ce44ab921f2be77d352dad",
            "type": "DISMISS_POPUP",
            "popupId": "poppm07",
            "popupKUID": "14938735ab124b9da58326dc1929eedd",
            "parentId": null,
            "callbackType": null
        }]
    }
}