{
    "AS_Button_0a3a4689edb54b998d0007a0d632159c": {
        "id": "AS_Button_0a3a4689edb54b998d0007a0d632159c",
        "type": "ACTION_SEQUENCE",
        "params": [{
            "datatype": "collection",
            "name": "eventobject"
        }],
        "language": "js",
        "actions": [{
            "id": "INVOKE_FUNCTION__ide_onClick_9d2e64bb010142c88661b16c81840491",
            "type": "INVOKE_FUNCTION",
            "sequenceKUID": "attachmentSumbit",
            "display": "attachmentSumbit",
            "inputparams": [],
            "callbackType": null
        }]
    }
}