{
    "AS_Button_8cab603e3b514dcaa2ce4d0854990bc9": {
        "id": "AS_Button_8cab603e3b514dcaa2ce4d0854990bc9",
        "type": "ACTION_SEQUENCE",
        "params": [{
            "datatype": "collection",
            "name": "eventobject"
        }],
        "contextObj": {
            "name": "frmLandingScreen",
            "type": "forms",
            "platform": "",
            "KUID": "55829541bffa4a99a50b1c7a911b9f1d"
        },
        "language": "js",
        "actions": [{
            "id": "ADD_SNIPPET__43fe3012bc7a4ba6adc24c1eff1aa92e",
            "type": "ADD_SNIPPET",
            "codeSnippet": "hbxHeaderPop.lblHeaderName.text = \"Error Message\";",
            "parentId": null,
            "callbackType": null
        }, {
            "id": "DISPLAY_POPUP___a44b0dd71c3944bdad252cae42656cab",
            "type": "DISPLAY_POPUP",
            "popupId": "popErrorMsg",
            "popupKUID": "b8d56814cd1a439ebaa7fd83f036c523",
            "mappings": {},
            "mappingsOrder": [],
            "parentId": null,
            "callbackType": null,
            "enableMappingEditor": true
        }]
    }
}