{
    "AS_Button_059d51de74754319ab30b38973ba8c89": {
        "id": "AS_Button_059d51de74754319ab30b38973ba8c89",
        "type": "ACTION_SEQUENCE",
        "params": [{
            "datatype": "collection",
            "name": "eventobject"
        }],
        "contextObj": {
            "name": "frmLandingScreen",
            "type": "forms",
            "platform": "",
            "KUID": "55829541bffa4a99a50b1c7a911b9f1d"
        },
        "language": "js",
        "actions": [{
            "id": "INVOKE_FUNCTION___49117ce4c65c42b199c650ce0d6383f1",
            "type": "INVOKE_FUNCTION",
            "sequenceKUID": "myOrderfetch",
            "display": "myOrderfetch",
            "inputparams": [{
                "name": "obj",
                "value": " eventobject"
            }],
            "parentId": null,
            "callbackType": null,
            "disabled": null
        }]
    }
}