{
    "AS_Button_1deae39d8bbf4648a877cec2c6095614": {
        "id": "AS_Button_1deae39d8bbf4648a877cec2c6095614",
        "type": "ACTION_SEQUENCE",
        "params": [{
            "datatype": "collection",
            "name": "eventobject"
        }],
        "contextObj": {
            "name": "popDelete",
            "type": "popups",
            "platform": null,
            "KUID": "a18322f3f865401486baf25b7d7048d0"
        },
        "language": "js",
        "actions": [{
            "id": "INVOKE_FUNCTION___02b991f508c44051ad7576b02d7ea3be",
            "type": "INVOKE_FUNCTION",
            "sequenceKUID": "popup_Dismiss",
            "display": "popup_Dismiss",
            "inputparams": [],
            "parentId": null,
            "callbackType": null
        }]
    }
}