{
    "AS_Button_9781393e0e1348e5b7eee0b9d132f9c7": {
        "id": "AS_Button_9781393e0e1348e5b7eee0b9d132f9c7",
        "type": "ACTION_SEQUENCE",
        "params": [{
            "datatype": "collection",
            "name": "eventobject"
        }],
        "contextObj": {
            "name": "popDelete",
            "type": "popups",
            "platform": null,
            "KUID": "a18322f3f865401486baf25b7d7048d0"
        },
        "language": "js",
        "actions": [{
            "id": "INVOKE_FUNCTION___b1a29b453846420f8922730aaf1480df",
            "type": "INVOKE_FUNCTION",
            "sequenceKUID": "DeleteBtnonClick",
            "display": "DeleteBtnonClick",
            "inputparams": [],
            "parentId": null,
            "callbackType": null
        }]
    }
}