{
    "AS_Button_2c191db2f65d40dcb0ccc457eaf874dd": {
        "id": "AS_Button_2c191db2f65d40dcb0ccc457eaf874dd",
        "type": "ACTION_SEQUENCE",
        "params": [{
            "datatype": "collection",
            "name": "eventobject"
        }],
        "language": "js",
        "actions": [{
            "id": "ADD_SNIPPET__b034c2b9580b403f958b0076fda3849e",
            "type": "ADD_SNIPPET",
            "codeSnippet": "popLongText.dismiss();",
            "parentId": null,
            "callbackType": null
        }]
    }
}