{
    "AS_Button_364b86ab0aa64adcb78a361d688eef56": {
        "id": "AS_Button_364b86ab0aa64adcb78a361d688eef56",
        "type": "ACTION_SEQUENCE",
        "params": [{
            "datatype": "collection",
            "name": "eventobject"
        }, {
            "datatype": "collection",
            "name": "context"
        }],
        "contextObj": {
            "name": "Temp",
            "type": "templates",
            "platform": "",
            "KUID": "34d51a25b7544da0a4ecfcf398ea2b29"
        },
        "language": "js",
        "actions": [{
            "id": "INVOKE_FUNCTION___c76a9819572041b8882a26c12837cb35",
            "type": "INVOKE_FUNCTION",
            "sequenceKUID": "nofityPriorty_BtnClick",
            "display": "nofityPriorty_BtnClick",
            "inputparams": [],
            "parentId": null,
            "callbackType": null,
            "disabled": null
        }]
    }
}