{
    "AS_Button_167c4b17c2b0407db0b412ab2fdca4f8": {
        "id": "AS_Button_167c4b17c2b0407db0b412ab2fdca4f8",
        "type": "ACTION_SEQUENCE",
        "params": [{
            "datatype": "collection",
            "name": "eventobject"
        }, {
            "datatype": "collection",
            "name": "context"
        }],
        "language": "js",
        "actions": [{
            "id": "INVOKE_FUNCTION__ide_onClick_0f3ee67452734bfa870d4bf12ed9a802",
            "type": "INVOKE_FUNCTION",
            "sequenceKUID": "Notification_BtnClick",
            "display": "Notification_BtnClick",
            "inputparams": [],
            "callbackType": null,
            "disabled": null
        }]
    }
}