{
    "AS_Button_78df9f4517d34e9f94928ea071b19672": {
        "id": "AS_Button_78df9f4517d34e9f94928ea071b19672",
        "type": "ACTION_SEQUENCE",
        "params": [{
            "datatype": "collection",
            "name": "eventobject"
        }],
        "contextObj": {
            "name": "PopupComplete",
            "type": "popups",
            "platform": null,
            "KUID": "b71775c3592b458c90b67fa550eecb9d"
        },
        "language": "js",
        "actions": [{
            "id": "INVOKE_FUNCTION___a2bdfd6b76844b39afbae11c5aeb1117",
            "type": "INVOKE_FUNCTION",
            "sequenceKUID": "completeYes",
            "display": "completeYes",
            "inputparams": [],
            "parentId": null,
            "callbackType": null,
            "disabled": null
        }]
    }
}