{
    "AS_Button_37b1315c76e4441e9b28ba01970a76be": {
        "id": "AS_Button_37b1315c76e4441e9b28ba01970a76be",
        "type": "ACTION_SEQUENCE",
        "params": [{
            "datatype": "collection",
            "name": "eventobject"
        }],
        "contextObj": {
            "name": "frmGetorderZIW",
            "type": "forms",
            "platform": "",
            "KUID": "5acb2b9a78fe48fa9a703582b2a35031"
        },
        "language": "js",
        "actions": [{
            "id": "INVOKE_FUNCTION___6021509ccacd417f95fd14bfbd199791",
            "type": "INVOKE_FUNCTION",
            "sequenceKUID": "SyncBtn_OnclickZWI44",
            "display": "SyncBtn_OnclickZWI44",
            "inputparams": [],
            "parentId": null,
            "callbackType": null,
            "disabled": null
        }]
    }
}