{
    "AS_Button_15a6439f48e3411b9fb65e3e38ed5e4f": {
        "id": "AS_Button_15a6439f48e3411b9fb65e3e38ed5e4f",
        "type": "ACTION_SEQUENCE",
        "params": [{
            "datatype": "collection",
            "name": "eventobject"
        }, {
            "datatype": "collection",
            "name": "context"
        }],
        "contextObj": {
            "name": "Temp",
            "type": "templates",
            "platform": "",
            "KUID": "34d51a25b7544da0a4ecfcf398ea2b29"
        },
        "language": "js",
        "actions": [{
            "id": "INVOKE_FUNCTION___54fd44afc3e04353b713bfe7ad8d6b7f",
            "type": "INVOKE_FUNCTION",
            "sequenceKUID": "Attachment_Btnonclick_ZWI44",
            "display": "Attachment_Btnonclick_ZWI44",
            "inputparams": [],
            "parentId": null,
            "callbackType": null,
            "disabled": null
        }]
    }
}