{
    "AS_Button_f30319e16d834a2d801a59a4d6bc5dd8": {
        "id": "AS_Button_f30319e16d834a2d801a59a4d6bc5dd8",
        "type": "ACTION_SEQUENCE",
        "params": [{
            "datatype": "collection",
            "name": "eventobject"
        }],
        "contextObj": {
            "name": "frmHome",
            "type": "forms",
            "platform": "",
            "KUID": "499926757e82442e8469755c4496e2d7"
        },
        "language": "js",
        "actions": [{
            "id": "NAVIGATE_TO_FORM___703b63247dd543149c9cd9370f9ac2a7",
            "type": "NAVIGATE_TO_FORM",
            "formId": "frmHelpScreen",
            "formKUID": "ff1b70b3d9164f6c945d91b19b24ea15",
            "mappings": {},
            "mappingsOrder": [],
            "parentId": "",
            "callbackType": null,
            "enableMappingEditor": true
        }]
    }
}