{
    "AS_Button_020de6af2651439da6c39da40bcb8e9f": {
        "id": "AS_Button_020de6af2651439da6c39da40bcb8e9f",
        "type": "ACTION_SEQUENCE",
        "params": [{
            "datatype": "collection",
            "name": "eventobject"
        }],
        "contextObj": {
            "name": "frmHome",
            "type": "forms",
            "platform": "",
            "KUID": "499926757e82442e8469755c4496e2d7"
        },
        "language": "js",
        "actions": [{
            "id": "INVOKE_FUNCTION___1bd32538ed24406290ef05528f301eeb",
            "type": "INVOKE_FUNCTION",
            "sequenceKUID": "CreateBtnClick",
            "display": "CreateBtnClick",
            "inputparams": [],
            "parentId": null,
            "disabled": null
        }]
    }
}