{
    "AS_Button_31d83a8ef8e84a51b4ea788dcf1543cc": {
        "id": "AS_Button_31d83a8ef8e84a51b4ea788dcf1543cc",
        "type": "ACTION_SEQUENCE",
        "name": "AS_Button_ed9b1f4945634bdb8469fd38f6b2bb41",
        "params": [{
            "datatype": "collection",
            "name": "eventobject"
        }, {
            "datatype": "collection",
            "name": "context"
        }],
        "contextObj": {
            "name": "FBox02863b6fb872b42",
            "type": "templates",
            "platform": "",
            "KUID": "54373ac371e646208486c736c854f9fd"
        },
        "language": "js",
        "actions": [{
            "id": "INVOKE_FUNCTION___2ee29b5479754cab8b5504561606b2a7",
            "type": "INVOKE_FUNCTION",
            "sequenceKUID": "OrderListOnSelect",
            "display": "OrderListOnSelect",
            "inputparams": [],
            "parentId": null,
            "callbackType": null,
            "disabled": null
        }]
    }
}