{
    "AS_Button_6762360fec5949debc2704289ec90e25": {
        "id": "AS_Button_6762360fec5949debc2704289ec90e25",
        "type": "ACTION_SEQUENCE",
        "params": [{
            "datatype": "collection",
            "name": "eventobject"
        }, {
            "datatype": "collection",
            "name": "context"
        }],
        "contextObj": {
            "name": "TempZWE53",
            "type": "templates",
            "platform": "",
            "KUID": "ac12751b3f6044d789d12cb9a96eabcc"
        },
        "language": "js",
        "actions": [{
            "id": "INVOKE_FUNCTION___46c8d9566b0b4e298b5ce9d073006616",
            "type": "INVOKE_FUNCTION",
            "sequenceKUID": "SubOrderList_OnSelect",
            "display": "SubOrderList_OnSelect",
            "inputparams": [],
            "parentId": null,
            "callbackType": null,
            "disabled": false
        }]
    }
}