{
    "AS_Button_3e4c5f6a053d4843b6d34120408e880a": {
        "id": "AS_Button_3e4c5f6a053d4843b6d34120408e880a",
        "type": "ACTION_SEQUENCE",
        "params": [{
            "datatype": "collection",
            "name": "eventobject"
        }],
        "contextObj": {
            "name": "frmLandingScreen",
            "type": "forms",
            "platform": "",
            "KUID": "55829541bffa4a99a50b1c7a911b9f1d"
        },
        "language": "js",
        "actions": [{
            "id": "INVOKE_FUNCTION___e309a1076a524d2091ade5dd8f9cd5a9",
            "type": "INVOKE_FUNCTION",
            "sequenceKUID": "CheckforSameFilters",
            "display": "CheckforSameFilters",
            "inputparams": [],
            "parentId": null,
            "callbackType": null,
            "disabled": false
        }]
    }
}