{
    "AS_Button_d082fa58fa5642bf87adee41d4302397": {
        "id": "AS_Button_d082fa58fa5642bf87adee41d4302397",
        "type": "ACTION_SEQUENCE",
        "params": [{
            "datatype": "collection",
            "name": "eventobject"
        }],
        "language": "js",
        "actions": [{
            "id": "INVOKE_FUNCTION___91899fdedb5543ac8cccd70d62f80d16",
            "type": "INVOKE_FUNCTION",
            "sequenceKUID": "popup_Dismiss",
            "display": "popup_Dismiss",
            "inputparams": [],
            "parentId": null,
            "callbackType": null
        }]
    }
}