{
    "AS_Button_2ce6a1ade3014803b844a2c666154594": {
        "id": "AS_Button_2ce6a1ade3014803b844a2c666154594",
        "type": "ACTION_SEQUENCE",
        "params": [{
            "datatype": "collection",
            "name": "eventobject"
        }],
        "contextObj": {
            "name": "frmgetOrderList",
            "type": "forms",
            "platform": "",
            "KUID": "76009dba108645d2a666db6978a2892d"
        },
        "language": "js",
        "actions": [{
            "id": "INVOKE_FUNCTION___3924894123114f249a94a81fb567c505",
            "type": "INVOKE_FUNCTION",
            "sequenceKUID": "SyncBtn_Onclick",
            "display": "SyncBtn_Onclick",
            "inputparams": [],
            "parentId": null,
            "callbackType": null,
            "disabled": null
        }]
    }
}