{
    "AS_Button_7308bd23d1c5431f8afac5d11270850d": {
        "id": "AS_Button_7308bd23d1c5431f8afac5d11270850d",
        "type": "ACTION_SEQUENCE",
        "params": [{
            "datatype": "collection",
            "name": "eventobject"
        }],
        "contextObj": {
            "name": "frmLandingScreen",
            "type": "forms",
            "platform": "",
            "KUID": "55829541bffa4a99a50b1c7a911b9f1d"
        },
        "language": "js",
        "actions": [{
            "id": "INVOKE_FUNCTION___eec87c985eed456d88f9ab5083518a92",
            "type": "INVOKE_FUNCTION",
            "sequenceKUID": "syncOnline",
            "display": "syncOnline",
            "inputparams": [],
            "parentId": null,
            "callbackType": null,
            "disabled": null
        }]
    }
}