{
    "AS_Button_067f24b2fd6645109e2ca93a9e3d0d08": {
        "id": "AS_Button_067f24b2fd6645109e2ca93a9e3d0d08",
        "type": "ACTION_SEQUENCE",
        "params": [{
            "datatype": "collection",
            "name": "eventobject"
        }],
        "contextObj": {
            "name": "frmLogin",
            "type": "forms",
            "platform": "",
            "KUID": "309739114f904649a8afa1298b4aac95"
        },
        "language": "js",
        "actions": [{
            "id": "INVOKE_FUNCTION___d588386db6b1490495951dda3b338ccd",
            "type": "INVOKE_FUNCTION",
            "sequenceKUID": "login_identity",
            "display": "login_identity",
            "inputparams": [],
            "parentId": null,
            "callbackType": null
        }]
    }
}