{
    "AS_Button_81ddf2fce436417ca67cc3e017e5a70a": {
        "id": "AS_Button_81ddf2fce436417ca67cc3e017e5a70a",
        "type": "ACTION_SEQUENCE",
        "params": [{
            "datatype": "collection",
            "name": "eventobject"
        }],
        "language": "js",
        "actions": [{
            "id": "INVOKE_FUNCTION___e998883664c84460970939cc4244d39e",
            "type": "INVOKE_FUNCTION",
            "sequenceKUID": "CreateBtnClick",
            "display": "CreateBtnClick",
            "inputparams": [],
            "parentId": null,
            "callbackType": null,
            "disabled": null
        }]
    }
}