{
    "AS_Button_dc0a23d65f4c4b2cafe26b33d5eaa6a8": {
        "id": "AS_Button_dc0a23d65f4c4b2cafe26b33d5eaa6a8",
        "type": "ACTION_SEQUENCE",
        "params": [{
            "datatype": "collection",
            "name": "eventobject"
        }],
        "contextObj": {
            "name": "frmChangePassword",
            "type": "forms",
            "platform": "",
            "KUID": "6ae9309f8361414f911244e285aa997e"
        },
        "language": "js",
        "actions": [{
            "id": "INVOKE_FUNCTION___bd1a825c62b547258b7ca2dc58fb8575",
            "type": "INVOKE_FUNCTION",
            "sequenceKUID": "changepassword",
            "display": "changepassword",
            "inputparams": [],
            "parentId": null,
            "callbackType": null
        }]
    }
}