{
    "AS_Button_e2b49c4152cb4e38881b6037e17bcb33": {
        "id": "AS_Button_e2b49c4152cb4e38881b6037e17bcb33",
        "type": "ACTION_SEQUENCE",
        "params": [{
            "datatype": "collection",
            "name": "eventobject"
        }, {
            "datatype": "collection",
            "name": "context"
        }],
        "contextObj": {
            "name": "CopyFBox0090e8a18c6034b",
            "type": "templates",
            "platform": null,
            "KUID": "8810fe4ef342463b964b8b1ad4d35435"
        },
        "language": "js",
        "actions": [{
            "id": "INVOKE_FUNCTION__ide_onClick_5d8a5857fc194efeb5e7a279a63ea64d",
            "type": "INVOKE_FUNCTION",
            "sequenceKUID": "OrderListOnSelect",
            "display": "OrderListOnSelect",
            "inputparams": [],
            "callbackType": null,
            "disabled": null
        }]
    }
}