{
    "AS_Button_c3ba48d1e12e454a81e65414b5816dc6": {
        "id": "AS_Button_c3ba48d1e12e454a81e65414b5816dc6",
        "type": "ACTION_SEQUENCE",
        "params": [{
            "datatype": "collection",
            "name": "eventobject"
        }],
        "contextObj": {
            "name": "frmChangePassword",
            "type": "forms",
            "platform": "",
            "KUID": "6ae9309f8361414f911244e285aa997e"
        },
        "language": "js",
        "actions": [{
            "id": "NAVIGATE_TO_FORM___004dae068bfd4bc288d942ea6a4819d6",
            "type": "NAVIGATE_TO_FORM",
            "formId": "frmLogin",
            "formKUID": "309739114f904649a8afa1298b4aac95",
            "mappings": {},
            "mappingsOrder": [],
            "parentId": "",
            "callbackType": null,
            "enableMappingEditor": true
        }]
    }
}