{
    "AS_Button_57dbdb50f1d8489bbb988ed28f5ed15b": {
        "id": "AS_Button_57dbdb50f1d8489bbb988ed28f5ed15b",
        "type": "ACTION_SEQUENCE",
        "params": [{
            "datatype": "collection",
            "name": "eventobject"
        }, {
            "datatype": "collection",
            "name": "context"
        }],
        "contextObj": {
            "name": "Temp",
            "type": "templates",
            "platform": "",
            "KUID": "34d51a25b7544da0a4ecfcf398ea2b29"
        },
        "language": "js",
        "actions": [{
            "id": "INVOKE_FUNCTION___72d5c795f8bb4441aad6f9bf9cd40e49",
            "type": "INVOKE_FUNCTION",
            "sequenceKUID": "SubOrderList_OnSelect_ZWI44",
            "display": "SubOrderList_OnSelect_ZWI44",
            "inputparams": [],
            "parentId": null,
            "callbackType": null,
            "disabled": null
        }]
    }
}