{
    "AS_Button_9d8c0f1312cd42fcb1e12c5c1856ec02": {
        "id": "AS_Button_9d8c0f1312cd42fcb1e12c5c1856ec02",
        "type": "ACTION_SEQUENCE",
        "params": [{
            "datatype": "collection",
            "name": "eventobject"
        }],
        "contextObj": {
            "name": "popCreateTicket",
            "type": "popups",
            "platform": null,
            "KUID": "3598abf0265847d498ccab22dbd34c42"
        },
        "language": "js",
        "actions": [{
            "id": "INVOKE_FUNCTION___24a7ca3d206947d888742e34cce91510",
            "type": "INVOKE_FUNCTION",
            "sequenceKUID": "popup_Dismiss",
            "display": "popup_Dismiss",
            "inputparams": [],
            "parentId": null,
            "callbackType": null
        }]
    }
}