{
    "AS_Button_21821f7ddb954b74b30a1990619ac98d": {
        "id": "AS_Button_21821f7ddb954b74b30a1990619ac98d",
        "type": "ACTION_SEQUENCE",
        "params": [{
            "datatype": "collection",
            "name": "eventobject"
        }],
        "contextObj": {
            "name": "popLongText",
            "type": "popups",
            "platform": "",
            "KUID": "44c448fce4c541bb95416f83c1e21153"
        },
        "language": "js",
        "actions": [{
            "id": "INVOKE_FUNCTION___6a25a7996a6d4e2682bd48507a1dd778",
            "type": "INVOKE_FUNCTION",
            "sequenceKUID": "LongText_Submit",
            "display": "LongText_Submit",
            "inputparams": [],
            "parentId": null,
            "callbackType": null,
            "disabled": null
        }]
    }
}