{
    "AS_Button_10600f6665344015817e5069ab5e534b": {
        "id": "AS_Button_10600f6665344015817e5069ab5e534b",
        "type": "ACTION_SEQUENCE",
        "params": [{
            "datatype": "collection",
            "name": "eventobject"
        }],
        "contextObj": {
            "name": "popGetOrder",
            "type": "popups",
            "platform": null,
            "KUID": "8aefb6c3595342909c69837cfc6d959a"
        },
        "language": "js",
        "actions": [{
            "id": "INVOKE_FUNCTION___9d297a0dfed04734a77b2b8ebdb1e869",
            "type": "INVOKE_FUNCTION",
            "sequenceKUID": "getFetchOrder1",
            "display": "getFetchOrder1",
            "inputparams": [],
            "parentId": null,
            "callbackType": null,
            "disabled": null
        }]
    }
}