{
    "AS_Button_d67371ea33704d8c8d8e7e78e88799cb": {
        "id": "AS_Button_d67371ea33704d8c8d8e7e78e88799cb",
        "type": "ACTION_SEQUENCE",
        "params": [{
            "datatype": "collection",
            "name": "eventobject"
        }],
        "contextObj": {
            "name": "popCreateTicket",
            "type": "popups",
            "platform": "",
            "KUID": "3598abf0265847d498ccab22dbd34c42"
        },
        "language": "js",
        "actions": [{
            "id": "INVOKE_FUNCTION___9f5c9263a1414b95b527a9e417566feb",
            "type": "INVOKE_FUNCTION",
            "sequenceKUID": "submitEmailSubject",
            "display": "submitEmailSubject",
            "inputparams": [],
            "parentId": null,
            "callbackType": null,
            "disabled": null
        }]
    }
}