{
    "AS_Button_f198734939c14ea1b10c2d83a4502cf1": {
        "id": "AS_Button_f198734939c14ea1b10c2d83a4502cf1",
        "type": "ACTION_SEQUENCE",
        "params": [{
            "datatype": "collection",
            "name": "eventobject"
        }],
        "contextObj": {
            "name": "frmLandingScreen",
            "type": "forms",
            "platform": "",
            "KUID": "55829541bffa4a99a50b1c7a911b9f1d"
        },
        "language": "js",
        "actions": [{
            "id": "INVOKE_FUNCTION___433085423f7c4168b4670ae69dfe342f",
            "type": "INVOKE_FUNCTION",
            "sequenceKUID": "frm_nav_to_getorder",
            "display": "frm_nav_to_getorder",
            "inputparams": [],
            "parentId": null,
            "callbackType": null
        }]
    }
}