{
    "AS_Button_4e405c4506934e9c8bd714955d02ce25": {
        "id": "AS_Button_4e405c4506934e9c8bd714955d02ce25",
        "type": "ACTION_SEQUENCE",
        "params": [{
            "datatype": "collection",
            "name": "eventobject"
        }, {
            "datatype": "collection",
            "name": "context"
        }],
        "contextObj": {
            "name": "Temp",
            "type": "templates",
            "platform": "",
            "KUID": "34d51a25b7544da0a4ecfcf398ea2b29"
        },
        "language": "js",
        "actions": [{
            "id": "INVOKE_FUNCTION___32e15234b4d14deaa5473f659d66b439",
            "type": "INVOKE_FUNCTION",
            "sequenceKUID": "confg_BtnClick",
            "display": "confg_BtnClick",
            "inputparams": [],
            "parentId": null,
            "callbackType": null,
            "disabled": null
        }]
    }
}