{
    "AS_Button_bd67b3aa2ec74fc69702437754ddff70": {
        "id": "AS_Button_bd67b3aa2ec74fc69702437754ddff70",
        "type": "ACTION_SEQUENCE",
        "params": [{
            "datatype": "collection",
            "name": "eventobject"
        }],
        "contextObj": {
            "name": "frmLogin",
            "type": "forms",
            "platform": "",
            "KUID": "309739114f904649a8afa1298b4aac95"
        },
        "language": "js",
        "actions": [{
            "id": "NAVIGATE_TO_FORM___6beca247f6104765bdaed94afde16f20",
            "type": "NAVIGATE_TO_FORM",
            "formId": "frmHome",
            "formKUID": "499926757e82442e8469755c4496e2d7",
            "mappings": {},
            "mappingsOrder": [],
            "parentId": "",
            "callbackType": null,
            "enableMappingEditor": true
        }]
    }
}