{
    "AS_Button_e8dfa58701d04c11b6cc764bf3fda4ed": {
        "id": "AS_Button_e8dfa58701d04c11b6cc764bf3fda4ed",
        "type": "ACTION_SEQUENCE",
        "params": [{
            "datatype": "collection",
            "name": "eventobject"
        }],
        "contextObj": {
            "name": "popErrorMsg",
            "type": "popups",
            "platform": null,
            "KUID": "b8d56814cd1a439ebaa7fd83f036c523"
        },
        "language": "js",
        "actions": [{
            "id": "INVOKE_FUNCTION___3d9c5362fe9b4ab9bc66038cd3a33ae8",
            "type": "INVOKE_FUNCTION",
            "sequenceKUID": "popup_Dismiss",
            "display": "popup_Dismiss",
            "inputparams": [],
            "parentId": null,
            "callbackType": null
        }]
    }
}