{
    "AS_Button_f59ae9153fe2475d93c476cee2dde0e9": {
        "id": "AS_Button_f59ae9153fe2475d93c476cee2dde0e9",
        "type": "ACTION_SEQUENCE",
        "params": [{
            "datatype": "collection",
            "name": "eventobject"
        }],
        "contextObj": {
            "name": "PopupComplete",
            "type": "popups",
            "platform": null,
            "KUID": "b71775c3592b458c90b67fa550eecb9d"
        },
        "language": "js",
        "actions": [{
            "id": "ADD_SNIPPET__ea9932d683b346e6af041da5a6447b76",
            "type": "ADD_SNIPPET",
            "codeSnippet": "PopupComplete.dismiss();",
            "parentId": null,
            "callbackType": null
        }]
    }
}