{
    "AS_Button_ea94036db8d24f35b85b687327e64dd9": {
        "id": "AS_Button_ea94036db8d24f35b85b687327e64dd9",
        "type": "ACTION_SEQUENCE",
        "params": [{
            "datatype": "collection",
            "name": "eventobject"
        }],
        "contextObj": {
            "name": "poppm07",
            "type": "popups",
            "platform": null,
            "KUID": "14938735ab124b9da58326dc1929eedd"
        },
        "language": "js",
        "actions": [{
            "id": "DISMISS_POPUP___ea6cd0f2da2c4901a56ab3f5a307aef9",
            "type": "DISMISS_POPUP",
            "popupId": "poppm07",
            "popupKUID": "14938735ab124b9da58326dc1929eedd",
            "parentId": null
        }]
    }
}