{
    "AS_Calendar_4d175e1742034a199dbda547bfe9038d": {
        "id": "AS_Calendar_4d175e1742034a199dbda547bfe9038d",
        "type": "ACTION_SEQUENCE",
        "params": [{
            "datatype": "collection",
            "name": "eventobject"
        }, {
            "datatype": "boolean",
            "name": "isValidDateSelected"
        }],
        "contextObj": {
            "name": "frmLandingScreen",
            "type": "forms",
            "platform": "",
            "KUID": "55829541bffa4a99a50b1c7a911b9f1d"
        },
        "language": "js",
        "actions": [{
            "id": "INVOKE_FUNCTION___b7fc903efbd942deaf052c1cee833f95",
            "type": "INVOKE_FUNCTION",
            "sequenceKUID": "six_day_check",
            "display": "six_day_check",
            "inputparams": [],
            "parentId": null,
            "callbackType": null,
            "disabled": false
        }]
    }
}