{
    "AS_Calendar_34f1fe91b10541a9b64192e2fbda9399": {
        "id": "AS_Calendar_34f1fe91b10541a9b64192e2fbda9399",
        "type": "ACTION_SEQUENCE",
        "params": [{
            "datatype": "collection",
            "name": "eventobject"
        }, {
            "datatype": "boolean",
            "name": "isValidDateSelected"
        }],
        "contextObj": {
            "name": "frmLandingScreen",
            "type": "forms",
            "platform": "",
            "KUID": "55829541bffa4a99a50b1c7a911b9f1d"
        },
        "language": "js",
        "actions": [{
            "id": "INVOKE_FUNCTION___83b5c6c62426487bba8fd8ea1fb0502e",
            "type": "INVOKE_FUNCTION",
            "sequenceKUID": "end_date",
            "display": "end_date",
            "inputparams": [],
            "parentId": null,
            "callbackType": null,
            "disabled": false
        }]
    }
}