{
    "AS_Camera_f69ccd6d6cbd4abb859c6c53db0a1be4": {
        "id": "AS_Camera_f69ccd6d6cbd4abb859c6c53db0a1be4",
        "type": "ACTION_SEQUENCE",
        "params": [{
            "datatype": "collection",
            "name": "eventobject"
        }],
        "contextObj": {
            "name": "popAtachment",
            "type": "popups",
            "platform": "",
            "KUID": "1332b1b236de4226be268720979afe7d"
        },
        "language": "js",
        "actions": [{
            "id": "INVOKE_FUNCTION___ff4d5dd7a7f34ad8a261a59f7aebd6aa",
            "type": "INVOKE_FUNCTION",
            "sequenceKUID": "onCapture",
            "display": "onCapture",
            "inputparams": [],
            "parentId": null,
            "callbackType": null
        }]
    }
}