{
    "AS_Form_229d8b3bc941456383328a95d5b83ac6": {
        "id": "AS_Form_229d8b3bc941456383328a95d5b83ac6",
        "type": "ACTION_SEQUENCE",
        "params": [{
            "datatype": "collection",
            "name": "eventobject"
        }],
        "contextObj": {
            "name": "frmHelpScreen",
            "type": "forms",
            "platform": "",
            "KUID": "ff1b70b3d9164f6c945d91b19b24ea15"
        },
        "language": "js",
        "actions": [{
            "id": "INVOKE_FUNCTION___350a37dd83904719bc5a0486f9616c34",
            "type": "INVOKE_FUNCTION",
            "sequenceKUID": "help",
            "display": "help",
            "inputparams": [],
            "parentId": null,
            "callbackType": null,
            "disabled": null
        }]
    }
}