{
    "AS_Form_32ef5f76f7fe47639dbb7731bf733b60": {
        "id": "AS_Form_32ef5f76f7fe47639dbb7731bf733b60",
        "type": "ACTION_SEQUENCE",
        "params": [{
            "datatype": "collection",
            "name": "eventobject"
        }],
        "contextObj": {
            "name": "frmLandingScreen",
            "type": "forms",
            "platform": "",
            "KUID": "55829541bffa4a99a50b1c7a911b9f1d"
        },
        "language": "js",
        "actions": [{
            "id": "INVOKE_FUNCTION___9c2f599ef2a14a97836929132989d9b2",
            "type": "INVOKE_FUNCTION",
            "sequenceKUID": "listValues",
            "display": "listValues",
            "inputparams": [],
            "parentId": null,
            "callbackType": null
        }]
    }
}