{
    "AS_Form_e02f4bc567c64ce6a2f9bfff46cb8c44": {
        "id": "AS_Form_e02f4bc567c64ce6a2f9bfff46cb8c44",
        "type": "ACTION_SEQUENCE",
        "params": [{
            "datatype": "collection",
            "name": "eventobject"
        }],
        "contextObj": {
            "name": "frmLogin",
            "type": "forms",
            "platform": "",
            "KUID": "309739114f904649a8afa1298b4aac95"
        },
        "language": "js",
        "actions": [{
            "id": "INVOKE_FUNCTION___36d7c9bfcbd4452dab2a3757bac9315d",
            "type": "INVOKE_FUNCTION",
            "sequenceKUID": "initSyncSession",
            "display": "initSyncSession",
            "inputparams": [],
            "parentId": null,
            "callbackType": null,
            "disabled": null
        }]
    }
}