{
    "AS_Form_d0469addcc3a4362ad94b10357d01191": {
        "id": "AS_Form_d0469addcc3a4362ad94b10357d01191",
        "type": "ACTION_SEQUENCE",
        "params": [{
            "datatype": "collection",
            "name": "eventobject"
        }],
        "contextObj": {
            "name": "CopyfrmHelp0764d0074ae2e40",
            "type": "forms",
            "platform": null,
            "KUID": "2b2beb286bc6493ab7af7e99ce41bf8e"
        },
        "language": "js",
        "actions": [{
            "id": "INVOKE_FUNCTION__ide_postShow_faab67d6354149f38bc32170b3d2d70d",
            "type": "INVOKE_FUNCTION",
            "sequenceKUID": "getHeaderName",
            "display": "getHeaderName",
            "inputparams": [],
            "callbackType": null
        }]
    }
}