{
    "AS_Form_03c474251e924980bf8cdc01548e73b7": {
        "id": "AS_Form_03c474251e924980bf8cdc01548e73b7",
        "type": "ACTION_SEQUENCE",
        "params": [{
            "datatype": "collection",
            "name": "eventobject"
        }],
        "contextObj": {
            "name": "frmHome",
            "type": "forms",
            "platform": "",
            "KUID": "499926757e82442e8469755c4496e2d7"
        },
        "language": "js",
        "actions": [{
            "id": "INVOKE_FUNCTION___0214c1c47887435a946a0ec022c5c39b",
            "type": "INVOKE_FUNCTION",
            "sequenceKUID": "onDeviceBack",
            "display": "onDeviceBack",
            "inputparams": [],
            "parentId": null,
            "callbackType": null
        }]
    }
}