{
    "AS_Form_bff5cc4beacf42aeb7b6e7a683bdda68": {
        "id": "AS_Form_bff5cc4beacf42aeb7b6e7a683bdda68",
        "type": "ACTION_SEQUENCE",
        "params": [{
            "datatype": "collection",
            "name": "eventobject"
        }],
        "contextObj": {
            "name": "frmLandingScreen",
            "type": "forms",
            "platform": "",
            "KUID": "55829541bffa4a99a50b1c7a911b9f1d"
        },
        "language": "js",
        "actions": [{
            "id": "INVOKE_FUNCTION___095512baf5d94b52b479549292324e79",
            "type": "INVOKE_FUNCTION",
            "sequenceKUID": "listValues",
            "display": "listValues",
            "inputparams": [],
            "parentId": null,
            "callbackType": null,
            "disabled": null
        }]
    }
}