{
    "AS_Form_f8271640c2eb4294aa88caa8573f62cc": {
        "id": "AS_Form_f8271640c2eb4294aa88caa8573f62cc",
        "type": "ACTION_SEQUENCE",
        "params": [{
            "datatype": "collection",
            "name": "eventobject"
        }],
        "contextObj": {
            "name": "frmChangePassword",
            "type": "forms",
            "platform": "",
            "KUID": "6ae9309f8361414f911244e285aa997e"
        },
        "language": "js",
        "actions": [{
            "id": "ADD_SNIPPET__4215413528e7422eb7725c814c475527",
            "type": "ADD_SNIPPET",
            "codeSnippet": "frmChangePassword.destroy();",
            "parentId": null,
            "callbackType": null
        }]
    }
}