{
    "AS_Form_ff8a3be0da644e9ea6f7824f2222a7c0": {
        "id": "AS_Form_ff8a3be0da644e9ea6f7824f2222a7c0",
        "type": "ACTION_SEQUENCE",
        "params": [{
            "datatype": "collection",
            "name": "eventobject"
        }],
        "contextObj": {
            "name": "frmHelp",
            "type": "forms",
            "platform": "",
            "KUID": "e492a6d749d243fa879be3f66b6552fb"
        },
        "language": "js",
        "actions": [{
            "id": "INVOKE_FUNCTION___3ee96b0cd0dc493eb4d025924e42e819",
            "type": "INVOKE_FUNCTION",
            "sequenceKUID": "getHeaderName",
            "display": "getHeaderName",
            "inputparams": [],
            "parentId": null,
            "callbackType": null
        }]
    }
}