{
    "AS_Form_e2c241978a4a40249372ca303e41dc66": {
        "id": "AS_Form_e2c241978a4a40249372ca303e41dc66",
        "type": "ACTION_SEQUENCE",
        "params": [{
            "datatype": "collection",
            "name": "eventobject"
        }],
        "contextObj": {
            "name": "frmMyOrderList",
            "type": "forms",
            "platform": null,
            "KUID": "0b957e109d19413ab9c55427f144e335"
        },
        "language": "js",
        "actions": [{
            "id": "INVOKE_FUNCTION__ide_postShow_eb0d9f09ba4943d7bb06a77c0c088895",
            "type": "INVOKE_FUNCTION",
            "sequenceKUID": "getHeaderName",
            "display": "getHeaderName",
            "inputparams": [],
            "callbackType": null
        }]
    }
}