{
    "AS_Form_9f23ad1f46d74b9e9b84a7aa7b445886": {
        "id": "AS_Form_9f23ad1f46d74b9e9b84a7aa7b445886",
        "type": "ACTION_SEQUENCE",
        "params": [{
            "datatype": "collection",
            "name": "eventobject"
        }],
        "contextObj": {
            "name": "frmLandingScreen",
            "type": "forms",
            "platform": "",
            "KUID": "55829541bffa4a99a50b1c7a911b9f1d"
        },
        "language": "js",
        "actions": [{
            "id": "INVOKE_FUNCTION___13b75f01d47c4c489ec7deee942e0439",
            "type": "INVOKE_FUNCTION",
            "sequenceKUID": "listValues",
            "display": "listValues",
            "inputparams": [],
            "parentId": null,
            "callbackType": null
        }]
    }
}