{
    "AS_Form_adc0aec9e18746d09d743f37df7495ac": {
        "id": "AS_Form_adc0aec9e18746d09d743f37df7495ac",
        "type": "ACTION_SEQUENCE",
        "params": [{
            "datatype": "collection",
            "name": "eventobject"
        }],
        "contextObj": {
            "name": "frmGetorderZIW",
            "type": "forms",
            "platform": "",
            "KUID": "5acb2b9a78fe48fa9a703582b2a35031"
        },
        "language": "js",
        "actions": [{
            "id": "INVOKE_FUNCTION___50c289d30cbe46ea83d2117708dfeebd",
            "type": "INVOKE_FUNCTION",
            "sequenceKUID": "onDeviceBack",
            "display": "onDeviceBack",
            "inputparams": [],
            "parentId": null,
            "callbackType": null
        }]
    }
}