{
    "AS_Form_361433e46f024fd98cb97f0b05cbab55": {
        "id": "AS_Form_361433e46f024fd98cb97f0b05cbab55",
        "type": "ACTION_SEQUENCE",
        "params": [{
            "datatype": "collection",
            "name": "eventobject"
        }, {
            "datatype": "string",
            "name": "neworientation"
        }],
        "contextObj": {
            "name": "frmHelpScreen",
            "type": "forms",
            "platform": "",
            "KUID": "ff1b70b3d9164f6c945d91b19b24ea15"
        },
        "language": "js",
        "actions": [{
            "id": "INVOKE_FUNCTION___817725fc68904c198ce56266a7e66a56",
            "type": "INVOKE_FUNCTION",
            "sequenceKUID": "onDeviceBack",
            "display": "onDeviceBack",
            "inputparams": [],
            "parentId": null,
            "callbackType": null
        }]
    }
}