{
    "AS_Form_cd9a2168b1af48e89b687f2e5377b4ff": {
        "id": "AS_Form_cd9a2168b1af48e89b687f2e5377b4ff",
        "type": "ACTION_SEQUENCE",
        "params": [{
            "datatype": "collection",
            "name": "eventobject"
        }],
        "contextObj": {
            "name": "frmMyOrderList",
            "type": "forms",
            "platform": null,
            "KUID": "0b957e109d19413ab9c55427f144e335"
        },
        "language": "js",
        "actions": [{
            "id": "INVOKE_FUNCTION__ide_onDeviceBack_931a3378079245e6b935b4e0cd323326",
            "type": "INVOKE_FUNCTION",
            "sequenceKUID": "onDeviceBack",
            "display": "onDeviceBack",
            "inputparams": [],
            "callbackType": null
        }]
    }
}