{
    "AS_Form_f9a00cfae7854923ab6b34cc85a38e8c": {
        "id": "AS_Form_f9a00cfae7854923ab6b34cc85a38e8c",
        "type": "ACTION_SEQUENCE",
        "params": [{
            "datatype": "collection",
            "name": "eventobject"
        }],
        "contextObj": {
            "name": "frmLandingScreen",
            "type": "forms",
            "platform": "",
            "KUID": "55829541bffa4a99a50b1c7a911b9f1d"
        },
        "language": "js",
        "actions": [{
            "id": "INVOKE_FUNCTION___6564b5618df447e1b3a37aa1d16e2e70",
            "type": "INVOKE_FUNCTION",
            "sequenceKUID": "onDeviceBack",
            "display": "onDeviceBack",
            "inputparams": [],
            "parentId": null,
            "callbackType": null
        }]
    }
}