{
    "AS_Form_39f415b3866d4fdebefd3c4630fe9b85": {
        "id": "AS_Form_39f415b3866d4fdebefd3c4630fe9b85",
        "type": "ACTION_SEQUENCE",
        "params": [{
            "datatype": "collection",
            "name": "eventobject"
        }],
        "contextObj": {
            "name": "frmChangePassword",
            "type": "forms",
            "platform": "",
            "KUID": "6ae9309f8361414f911244e285aa997e"
        },
        "language": "js",
        "actions": [{
            "id": "INVOKE_FUNCTION___ffdcfc9d2f434e1daf25623c10b453db",
            "type": "INVOKE_FUNCTION",
            "sequenceKUID": "onDeviceBack",
            "display": "onDeviceBack",
            "inputparams": [],
            "parentId": null,
            "callbackType": null
        }]
    }
}