{
    "AS_Form_3c5a9f836f794498a995d2ac47a3450a": {
        "id": "AS_Form_3c5a9f836f794498a995d2ac47a3450a",
        "type": "ACTION_SEQUENCE",
        "params": [{
            "datatype": "collection",
            "name": "eventobject"
        }],
        "contextObj": {
            "name": "frmgetOrderList",
            "type": "forms",
            "platform": "",
            "KUID": "76009dba108645d2a666db6978a2892d"
        },
        "language": "js",
        "actions": [{
            "id": "INVOKE_FUNCTION___9af2549878c34561aa392cb64dc673e8",
            "type": "INVOKE_FUNCTION",
            "sequenceKUID": "getHeaderName",
            "display": "getHeaderName",
            "inputparams": [],
            "parentId": null,
            "callbackType": null
        }]
    }
}