{
    "AS_Form_428752fcde0e4e8595867afe52634222": {
        "id": "AS_Form_428752fcde0e4e8595867afe52634222",
        "type": "ACTION_SEQUENCE",
        "params": [{
            "datatype": "collection",
            "name": "eventobject"
        }],
        "contextObj": {
            "name": "frmLandingScreen",
            "type": "forms",
            "platform": "",
            "KUID": "55829541bffa4a99a50b1c7a911b9f1d"
        },
        "language": "js",
        "actions": [{
            "id": "INVOKE_FUNCTION___d945ecf5c8d94be481d4f81cd5b8e970",
            "type": "INVOKE_FUNCTION",
            "sequenceKUID": "getHeaderName",
            "display": "getHeaderName",
            "inputparams": [],
            "parentId": null,
            "callbackType": null
        }, {
            "id": "INVOKE_FUNCTION___8ed6884257db44a2afb616200370a821",
            "type": "INVOKE_FUNCTION",
            "sequenceKUID": "removeLandingField",
            "display": "removeLandingField",
            "inputparams": [],
            "parentId": null,
            "callbackType": null
        }, {
            "id": "ADD_SNIPPET__87172da31e1b43d6a038ab85317d76ea",
            "type": "ADD_SNIPPET",
            "codeSnippet": "frmLandingScreen.lblPmTypeVal.setEnabled(false);",
            "parentId": null,
            "callbackType": null
        }]
    }
}