{
    "AS_Form_cac435b93bcf46bbbdfe3203a9757f55": {
        "id": "AS_Form_cac435b93bcf46bbbdfe3203a9757f55",
        "type": "ACTION_SEQUENCE",
        "params": [{
            "datatype": "collection",
            "name": "eventobject"
        }],
        "contextObj": {
            "name": "frmGetorderZIW",
            "type": "forms",
            "platform": null,
            "KUID": "5acb2b9a78fe48fa9a703582b2a35031"
        },
        "language": "js",
        "actions": [{
            "id": "INVOKE_FUNCTION___1ccb0c75078f4f069bc0e307df14fc1d",
            "type": "INVOKE_FUNCTION",
            "sequenceKUID": "getHeaderName",
            "display": "getHeaderName",
            "inputparams": [],
            "parentId": null,
            "callbackType": null
        }]
    }
}