{
    "AS_Form_bb423c2b767a49de94bd9996c4883a1b": {
        "id": "AS_Form_bb423c2b767a49de94bd9996c4883a1b",
        "type": "ACTION_SEQUENCE",
        "params": [{
            "datatype": "collection",
            "name": "eventobject"
        }],
        "contextObj": {
            "name": "frmLogin",
            "type": "forms",
            "platform": "",
            "KUID": "309739114f904649a8afa1298b4aac95"
        },
        "language": "js",
        "actions": [{
            "id": "ADD_SNIPPET__144e9d613abc484487c948b7a86651f2",
            "type": "ADD_SNIPPET",
            "codeSnippet": "hbxHeaderPop.lblHeaderName.text = \"Exit\";\npopBack.lblBack.text = \"Do You Want to Exit ?\";",
            "parentId": null,
            "callbackType": null
        }, {
            "id": "DISPLAY_POPUP___a9d77dd1904746808694dbf211e65c77",
            "type": "DISPLAY_POPUP",
            "popupId": "popBack",
            "popupKUID": "04290b7968ff4fdf9cb7d37dfe3ed54b",
            "mappings": {},
            "mappingsOrder": [],
            "parentId": null,
            "callbackType": null,
            "enableMappingEditor": true
        }]
    }
}