{
    "AS_HBox_872a8eaebf324cd09aebb36ab17a3bce": {
        "id": "AS_HBox_872a8eaebf324cd09aebb36ab17a3bce",
        "type": "ACTION_SEQUENCE",
        "params": [{
            "datatype": "collection",
            "name": "eventobject"
        }],
        "contextObj": {
            "name": "popAtachment",
            "type": "popups",
            "platform": "",
            "KUID": "1332b1b236de4226be268720979afe7d"
        },
        "language": "js",
        "actions": [{
            "id": "INVOKE_FUNCTION___33e1c08a1937418e95093bd991d73313",
            "type": "INVOKE_FUNCTION",
            "sequenceKUID": "openMediaGallery",
            "display": "openMediaGallery",
            "inputparams": [],
            "parentId": null,
            "callbackType": null
        }]
    }
}