{
    "AS_Image_cb24d492287a4404b60810cce4e67a14": {
        "id": "AS_Image_cb24d492287a4404b60810cce4e67a14",
        "type": "ACTION_SEQUENCE",
        "params": [{
            "datatype": "collection",
            "name": "eventobject"
        }, {
            "datatype": "string",
            "name": "x"
        }, {
            "datatype": "string",
            "name": "y"
        }],
        "contextObj": {
            "name": "frmMyOrderList",
            "type": "forms",
            "platform": null,
            "KUID": "0b957e109d19413ab9c55427f144e335"
        },
        "language": "js",
        "actions": [{
            "id": "INVOKE_FUNCTION__ide_onTouchStart_98c8a39488e14e1eb16a76a9216df946",
            "type": "INVOKE_FUNCTION",
            "sequenceKUID": "ClickOnImgofSubOrderList",
            "display": "ClickOnImgofSubOrderList",
            "inputparams": [],
            "callbackType": null,
            "disabled": null
        }]
    }
}