{
    "AS_Image_bcd0c8365d1645309b018fc2f7d52958": {
        "id": "AS_Image_bcd0c8365d1645309b018fc2f7d52958",
        "type": "ACTION_SEQUENCE",
        "params": [{
            "datatype": "collection",
            "name": "eventobject"
        }, {
            "datatype": "string",
            "name": "x"
        }, {
            "datatype": "string",
            "name": "y"
        }],
        "contextObj": {
            "name": "tempHeader",
            "type": "templates",
            "platform": "",
            "KUID": "b3d8b71d10f4486fa64bb96f4e3879bd"
        },
        "language": "js",
        "actions": [{
            "id": "INVOKE_FUNCTION___d1315de9a39f438f89740f0ef09b2efe",
            "type": "INVOKE_FUNCTION",
            "sequenceKUID": "back_NavigateOrder",
            "display": "back_NavigateOrder",
            "inputparams": [],
            "parentId": null,
            "callbackType": null
        }]
    }
}