{
    "AS_Image_b756e62261974134b96c64c5028fad5e": {
        "id": "AS_Image_b756e62261974134b96c64c5028fad5e",
        "type": "ACTION_SEQUENCE",
        "params": [{
            "datatype": "collection",
            "name": "eventobject"
        }, {
            "datatype": "string",
            "name": "x"
        }, {
            "datatype": "string",
            "name": "y"
        }],
        "contextObj": {
            "name": "frmGetorderZIW",
            "type": "forms",
            "platform": "",
            "KUID": "5acb2b9a78fe48fa9a703582b2a35031"
        },
        "language": "js",
        "actions": [{
            "id": "INVOKE_FUNCTION___7c50252ae29440ffacf9f3417d0fb24c",
            "type": "INVOKE_FUNCTION",
            "sequenceKUID": "ClickOnImgofSubOrderListZI44",
            "display": "ClickOnImgofSubOrderListZI44",
            "inputparams": [],
            "parentId": null,
            "callbackType": null,
            "disabled": null
        }]
    }
}