{
    "AS_Image_bf89db092666479f98c2030d1c4118be": {
        "id": "AS_Image_bf89db092666479f98c2030d1c4118be",
        "type": "ACTION_SEQUENCE",
        "params": [{
            "datatype": "collection",
            "name": "eventobject"
        }, {
            "datatype": "string",
            "name": "x"
        }, {
            "datatype": "string",
            "name": "y"
        }],
        "contextObj": {
            "name": "frmGetorderZIW",
            "type": "forms",
            "platform": "",
            "KUID": "5acb2b9a78fe48fa9a703582b2a35031"
        },
        "language": "js",
        "actions": [{
            "id": "INVOKE_FUNCTION___cfe4d4ab47cd4df3b4f207acff41e090",
            "type": "INVOKE_FUNCTION",
            "sequenceKUID": "IbuttonClick_i44",
            "display": "IbuttonClick_i44",
            "inputparams": [],
            "parentId": null,
            "callbackType": null,
            "disabled": null
        }]
    }
}