{
    "AS_Image_0f5c1551d1ac4b59b065211ef7f88b29": {
        "id": "AS_Image_0f5c1551d1ac4b59b065211ef7f88b29",
        "type": "ACTION_SEQUENCE",
        "params": [{
            "datatype": "collection",
            "name": "eventobject"
        }, {
            "datatype": "string",
            "name": "x"
        }, {
            "datatype": "string",
            "name": "y"
        }],
        "contextObj": {
            "name": "frmgetOrderList",
            "type": "forms",
            "platform": "",
            "KUID": "76009dba108645d2a666db6978a2892d"
        },
        "language": "js",
        "actions": [{
            "id": "ADD_SNIPPET__e21076de68df475bba38d8754f4efb18",
            "type": "ADD_SNIPPET",
            "codeSnippet": "hbxHeaderPop.lblHeaderName.text = \"Delete\";\nhbxlogout1.lbllogout.text = \"Do You Want to Delete\";",
            "parentId": null,
            "callbackType": null
        }, {
            "id": "DISPLAY_POPUP___cfd7149b3b1c48d4ab1c1305d8fad9ba",
            "type": "DISPLAY_POPUP",
            "popupId": "popLogout",
            "popupKUID": "151bb3c78a9a4c11ac38be407ebfd668",
            "mappings": {},
            "mappingsOrder": [],
            "parentId": null,
            "callbackType": null,
            "enableMappingEditor": true
        }]
    }
}