{
    "AS_Image_b35fa4565314499596081626145d49e4": {
        "id": "AS_Image_b35fa4565314499596081626145d49e4",
        "type": "ACTION_SEQUENCE",
        "params": [{
            "datatype": "collection",
            "name": "eventobject"
        }, {
            "datatype": "string",
            "name": "x"
        }, {
            "datatype": "string",
            "name": "y"
        }],
        "contextObj": {
            "name": "frmgetOrderList",
            "type": "forms",
            "platform": "",
            "KUID": "76009dba108645d2a666db6978a2892d"
        },
        "language": "js",
        "actions": [{
            "id": "INVOKE_FUNCTION___6a8b79480ec449ffb1edd8fd4255f694",
            "type": "INVOKE_FUNCTION",
            "sequenceKUID": "SyncBtn_Onclick",
            "display": "SyncBtn_Onclick",
            "inputparams": [],
            "parentId": null,
            "callbackType": null,
            "disabled": null
        }]
    }
}