{
    "AS_Image_b2f41d00ac1f4b0caccf8a99ff4c0021": {
        "id": "AS_Image_b2f41d00ac1f4b0caccf8a99ff4c0021",
        "type": "ACTION_SEQUENCE",
        "params": [{
            "datatype": "collection",
            "name": "eventobject"
        }, {
            "datatype": "string",
            "name": "x"
        }, {
            "datatype": "string",
            "name": "y"
        }],
        "contextObj": {
            "name": "frmGetorderZIW",
            "type": "forms",
            "platform": "",
            "KUID": "5acb2b9a78fe48fa9a703582b2a35031"
        },
        "language": "js",
        "actions": [{
            "id": "ADD_SNIPPET__8fa241b6a3714f5f9e471199a06887d2",
            "type": "ADD_SNIPPET",
            "codeSnippet": "hbxHeaderPop.lblHeaderName.text = \"Delete\";\npopDelete.show();\ndelflag = true;",
            "parentId": null
        }]
    }
}