{
    "AS_Image_69d169f9fa954d47bb7ad6e34e93cd04": {
        "id": "AS_Image_69d169f9fa954d47bb7ad6e34e93cd04",
        "type": "ACTION_SEQUENCE",
        "params": [{
            "datatype": "collection",
            "name": "eventobject"
        }, {
            "datatype": "string",
            "name": "x"
        }, {
            "datatype": "string",
            "name": "y"
        }],
        "contextObj": {
            "name": "tempHeader",
            "type": "templates",
            "platform": "",
            "KUID": "b3d8b71d10f4486fa64bb96f4e3879bd"
        },
        "language": "js",
        "actions": [{
            "id": "INVOKE_FUNCTION___b368ff70b4414f888e7882af8ea6a3ae",
            "type": "INVOKE_FUNCTION",
            "sequenceKUID": "nav_onhome_img_click",
            "display": "nav_onhome_img_click",
            "inputparams": [],
            "parentId": null,
            "callbackType": null
        }]
    }
}