{
    "AS_Image_fc79895d4c5f4a0bb4bfc5cf1df942c5": {
        "id": "AS_Image_fc79895d4c5f4a0bb4bfc5cf1df942c5",
        "type": "ACTION_SEQUENCE",
        "params": [{
            "datatype": "collection",
            "name": "eventobject"
        }, {
            "datatype": "string",
            "name": "x"
        }, {
            "datatype": "string",
            "name": "y"
        }],
        "contextObj": {
            "name": "frmChangePassword",
            "type": "forms",
            "platform": "",
            "KUID": "6ae9309f8361414f911244e285aa997e"
        },
        "language": "js",
        "actions": [{
            "id": "NAVIGATE_TO_FORM___b86c03a4475e45a087abd93a2df7017e",
            "type": "NAVIGATE_TO_FORM",
            "formId": "frmLogin",
            "formKUID": "309739114f904649a8afa1298b4aac95",
            "mappings": {},
            "mappingsOrder": [],
            "parentId": "",
            "callbackType": null,
            "enableMappingEditor": true
        }]
    }
}