{
    "AS_Image_5f7b3b13dbf444cc8ed75f8932f17a9e": {
        "id": "AS_Image_5f7b3b13dbf444cc8ed75f8932f17a9e",
        "type": "ACTION_SEQUENCE",
        "params": [{
            "datatype": "collection",
            "name": "eventobject"
        }, {
            "datatype": "string",
            "name": "x"
        }, {
            "datatype": "string",
            "name": "y"
        }],
        "contextObj": {
            "name": "frmGetorderZIW",
            "type": "forms",
            "platform": "",
            "KUID": "5acb2b9a78fe48fa9a703582b2a35031"
        },
        "language": "js",
        "actions": [{
            "id": "INVOKE_FUNCTION___573e0f10fe214a5abe26e60409edf67f",
            "type": "INVOKE_FUNCTION",
            "sequenceKUID": "SyncBtn_OnclickZWI44",
            "display": "SyncBtn_OnclickZWI44",
            "inputparams": [],
            "parentId": null,
            "callbackType": null,
            "disabled": null
        }]
    }
}