{
    "AS_Image_26cb6d4a0589489abc4dc9e0b0ceae1d": {
        "id": "AS_Image_26cb6d4a0589489abc4dc9e0b0ceae1d",
        "type": "ACTION_SEQUENCE",
        "params": [{
            "datatype": "collection",
            "name": "eventobject"
        }, {
            "datatype": "string",
            "name": "x"
        }, {
            "datatype": "string",
            "name": "y"
        }],
        "contextObj": {
            "name": "frmgetOrderList",
            "type": "forms",
            "platform": "",
            "KUID": "76009dba108645d2a666db6978a2892d"
        },
        "language": "js",
        "actions": [{
            "id": "ADD_SNIPPET__c68179e113814e43add47467d1910b46",
            "type": "ADD_SNIPPET",
            "codeSnippet": "hbxHeaderPop.lblHeaderName.text = \"Delete\";\npopDelete.show();\ndelflag = true;",
            "parentId": null,
            "callbackType": null
        }]
    }
}