{
    "AS_Image_792174e0cfd643f6893e2a0fe01da932": {
        "id": "AS_Image_792174e0cfd643f6893e2a0fe01da932",
        "type": "ACTION_SEQUENCE",
        "params": [{
            "datatype": "collection",
            "name": "eventobject"
        }, {
            "datatype": "string",
            "name": "x"
        }, {
            "datatype": "string",
            "name": "y"
        }],
        "contextObj": {
            "name": "frmMyOrderList",
            "type": "forms",
            "platform": null,
            "KUID": "0b957e109d19413ab9c55427f144e335"
        },
        "language": "js",
        "actions": [{
            "id": "ADD_SNIPPET_ide_onTouchEnd_55bfc4f8120342cfb8103a9a4a5012f5",
            "type": "ADD_SNIPPET",
            "codeSnippet": "hbxHeaderPop.lblHeaderName.text = \"Delete\";\npopDelete.show();",
            "callbackType": null
        }]
    }
}