{
    "AS_Image_625fa53691f74415a01a17fa9b774351": {
        "id": "AS_Image_625fa53691f74415a01a17fa9b774351",
        "type": "ACTION_SEQUENCE",
        "params": [{
            "datatype": "collection",
            "name": "eventobject"
        }, {
            "datatype": "string",
            "name": "x"
        }, {
            "datatype": "string",
            "name": "y"
        }],
        "contextObj": {
            "name": "frmLandingScreen",
            "type": "forms",
            "platform": "",
            "KUID": "55829541bffa4a99a50b1c7a911b9f1d"
        },
        "language": "js",
        "actions": [{
            "id": "INVOKE_FUNCTION___e29e8c39fb9c4eadb7de6f1964e9f996",
            "type": "INVOKE_FUNCTION",
            "sequenceKUID": "set_popval",
            "display": "set_popval",
            "inputparams": [{
                "name": "headername",
                "value": "\"PlantSection\""
            }, {
                "name": "popupName",
                "value": "popPrevNext"
            }, {
                "name": "selectedList",
                "value": "frmLandingScreen.lblPsValue"
            }],
            "parentId": null,
            "callbackType": null
        }]
    }
}