{
    "AS_Image_25f9ae950ac848ab89ce5b092de6d35c": {
        "id": "AS_Image_25f9ae950ac848ab89ce5b092de6d35c",
        "type": "ACTION_SEQUENCE",
        "params": [{
            "datatype": "collection",
            "name": "eventobject"
        }, {
            "datatype": "string",
            "name": "x"
        }, {
            "datatype": "string",
            "name": "y"
        }],
        "contextObj": {
            "name": "Temp",
            "type": "templates",
            "platform": "",
            "KUID": "34d51a25b7544da0a4ecfcf398ea2b29"
        },
        "language": "js",
        "actions": [{
            "id": "INVOKE_FUNCTION___040b99fe7a0c4c06acbc864a6bd8f85c",
            "type": "INVOKE_FUNCTION",
            "sequenceKUID": "nofityPriorty_BtnClick",
            "display": "nofityPriorty_BtnClick",
            "inputparams": [],
            "parentId": null,
            "callbackType": null,
            "disabled": null
        }]
    }
}