{
    "AS_Image_98855bbbde1f4202b2adfa4b06f6ec86": {
        "id": "AS_Image_98855bbbde1f4202b2adfa4b06f6ec86",
        "type": "ACTION_SEQUENCE",
        "params": [{
            "datatype": "collection",
            "name": "eventobject"
        }, {
            "datatype": "string",
            "name": "x"
        }, {
            "datatype": "string",
            "name": "y"
        }],
        "contextObj": {
            "name": "tempHeader",
            "type": "templates",
            "platform": "",
            "KUID": "b3d8b71d10f4486fa64bb96f4e3879bd"
        },
        "language": "js",
        "actions": [{
            "id": "INVOKE_FUNCTION___d7d70cf5d3c6444cb83cce65a5042c92",
            "type": "INVOKE_FUNCTION",
            "sequenceKUID": "nav_onclick_imghelpbtn",
            "display": "nav_onclick_imghelpbtn",
            "inputparams": [],
            "parentId": null,
            "callbackType": null
        }]
    }
}