{
    "AS_Image_02d42ba98a5a48f3b8c4a4d38714e2b9": {
        "id": "AS_Image_02d42ba98a5a48f3b8c4a4d38714e2b9",
        "type": "ACTION_SEQUENCE",
        "params": [{
            "datatype": "collection",
            "name": "eventobject"
        }, {
            "datatype": "string",
            "name": "x"
        }, {
            "datatype": "string",
            "name": "y"
        }],
        "language": "js",
        "actions": [{
            "id": "INVOKE_FUNCTION___3fe304cf2a75459f9ad3d395f94bf309",
            "type": "INVOKE_FUNCTION",
            "sequenceKUID": "confg_BtnClick",
            "display": "confg_BtnClick",
            "inputparams": [],
            "parentId": null,
            "callbackType": null,
            "disabled": true
        }]
    }
}