{
    "AS_Image_60f8918544104131acfa4fbfad9c6747": {
        "id": "AS_Image_60f8918544104131acfa4fbfad9c6747",
        "type": "ACTION_SEQUENCE",
        "params": [{
            "datatype": "collection",
            "name": "eventobject"
        }, {
            "datatype": "string",
            "name": "x"
        }, {
            "datatype": "string",
            "name": "y"
        }],
        "contextObj": {
            "name": "frmMyOrderList",
            "type": "forms",
            "platform": null,
            "KUID": "0b957e109d19413ab9c55427f144e335"
        },
        "language": "js",
        "actions": [{
            "id": "INVOKE_FUNCTION__ide_onTouchStart_1dfb4ca261a744b5a6714894acc5d09f",
            "type": "INVOKE_FUNCTION",
            "sequenceKUID": "ClickOnImgOrderList",
            "display": "ClickOnImgOrderList",
            "inputparams": [],
            "callbackType": null,
            "disabled": false
        }]
    }
}