{
    "AS_Image_9e4da84e786744dcbda1649cd313dfb2": {
        "id": "AS_Image_9e4da84e786744dcbda1649cd313dfb2",
        "type": "ACTION_SEQUENCE",
        "params": [{
            "datatype": "collection",
            "name": "eventobject"
        }, {
            "datatype": "string",
            "name": "x"
        }, {
            "datatype": "string",
            "name": "y"
        }],
        "contextObj": {
            "name": "Temp",
            "type": "templates",
            "platform": "",
            "KUID": "34d51a25b7544da0a4ecfcf398ea2b29"
        },
        "language": "js",
        "actions": [{
            "id": "ADD_SNIPPET__dc88529d4dee4a0fb67e9fd82c8fe457",
            "type": "ADD_SNIPPET",
            "codeSnippet": "hbxHeaderPop.lblHeaderName.text = \"Long Text\";",
            "parentId": null,
            "callbackType": null
        }, {
            "id": "DISPLAY_POPUP___fae84daa8a7a4b92a72fd15a5096f161",
            "type": "DISPLAY_POPUP",
            "popupId": "popLongText",
            "popupKUID": "44c448fce4c541bb95416f83c1e21153",
            "mappings": {},
            "mappingsOrder": [],
            "parentId": null,
            "callbackType": null,
            "enableMappingEditor": true
        }]
    }
}