{
    "AS_Image_2f251765aa284dd79c3fa79bc0fa615f": {
        "id": "AS_Image_2f251765aa284dd79c3fa79bc0fa615f",
        "type": "ACTION_SEQUENCE",
        "params": [{
            "datatype": "collection",
            "name": "eventobject"
        }, {
            "datatype": "string",
            "name": "x"
        }, {
            "datatype": "string",
            "name": "y"
        }],
        "contextObj": {
            "name": "frmHome",
            "type": "forms",
            "platform": "",
            "KUID": "499926757e82442e8469755c4496e2d7"
        },
        "language": "js",
        "actions": [{
            "id": "NAVIGATE_TO_FORM___6194e76d07ea430597ebfefb33ea2d9e",
            "type": "NAVIGATE_TO_FORM",
            "formId": "frmHelpScreen",
            "formKUID": "ff1b70b3d9164f6c945d91b19b24ea15",
            "mappings": {},
            "mappingsOrder": [],
            "parentId": "",
            "callbackType": null,
            "enableMappingEditor": true
        }]
    }
}