{
    "AS_Image_f9dd9afa12c9416bb50ff7ac22520822": {
        "id": "AS_Image_f9dd9afa12c9416bb50ff7ac22520822",
        "type": "ACTION_SEQUENCE",
        "params": [{
            "datatype": "collection",
            "name": "eventobject"
        }, {
            "datatype": "string",
            "name": "x"
        }, {
            "datatype": "string",
            "name": "y"
        }],
        "contextObj": {
            "name": "frmgetOrderList",
            "type": "forms",
            "platform": "",
            "KUID": "76009dba108645d2a666db6978a2892d"
        },
        "language": "js",
        "actions": [{
            "id": "INVOKE_FUNCTION___b9599a5da2344e80a829a8b552f96a23",
            "type": "INVOKE_FUNCTION",
            "sequenceKUID": "ibuttonClick_ZQE",
            "display": "ibuttonClick_ZQE",
            "inputparams": [],
            "parentId": null,
            "callbackType": null,
            "disabled": null
        }]
    }
}