{
    "AS_Image_e3adcd77317b4e4abea2cf816b0bec3c": {
        "id": "AS_Image_e3adcd77317b4e4abea2cf816b0bec3c",
        "type": "ACTION_SEQUENCE",
        "params": [{
            "datatype": "collection",
            "name": "eventobject"
        }, {
            "datatype": "string",
            "name": "x"
        }, {
            "datatype": "string",
            "name": "y"
        }],
        "contextObj": {
            "name": "frmMyOrderList",
            "type": "forms",
            "platform": null,
            "KUID": "0b957e109d19413ab9c55427f144e335"
        },
        "language": "js",
        "actions": [{
            "id": "INVOKE_FUNCTION__ide_onTouchEnd_d9fb957ae1054dd2a30757d270a4d645",
            "type": "INVOKE_FUNCTION",
            "sequenceKUID": "SyncBtn_Onclick",
            "display": "SyncBtn_Onclick",
            "inputparams": [],
            "callbackType": null,
            "disabled": null
        }]
    }
}