{
    "AS_Image_ae42369541044e998b28b72062ea147d": {
        "id": "AS_Image_ae42369541044e998b28b72062ea147d",
        "type": "ACTION_SEQUENCE",
        "params": [{
            "datatype": "collection",
            "name": "eventobject"
        }, {
            "datatype": "string",
            "name": "x"
        }, {
            "datatype": "string",
            "name": "y"
        }],
        "language": "js",
        "actions": [{
            "id": "INVOKE_FUNCTION__ide_onTouchEnd_1d58fd07b78042038b9ed88e4d1fee58",
            "type": "INVOKE_FUNCTION",
            "sequenceKUID": "set_popval",
            "display": "set_popval",
            "inputparams": [{
                "name": "headername",
                "value": "\"Inspection Route\""
            }, {
                "name": "popupName",
                "value": "popPrevNext"
            }, {
                "name": "selectedList",
                "value": "frmLandingScreen.lblInsValue"
            }],
            "callbackType": null
        }]
    }
}