{
    "AS_Image_9e3b990d639c4cc882fe1bc30791dc26": {
        "id": "AS_Image_9e3b990d639c4cc882fe1bc30791dc26",
        "type": "ACTION_SEQUENCE",
        "params": [{
            "datatype": "collection",
            "name": "eventobject"
        }, {
            "datatype": "string",
            "name": "x"
        }, {
            "datatype": "string",
            "name": "y"
        }],
        "contextObj": {
            "name": "frmgetOrderList",
            "type": "forms",
            "platform": "",
            "KUID": "76009dba108645d2a666db6978a2892d"
        },
        "language": "js",
        "actions": [{
            "id": "INVOKE_FUNCTION___a3d949ac18174bcb9f3d6601df123201",
            "type": "INVOKE_FUNCTION",
            "sequenceKUID": "ClickOnImgOrderList",
            "display": "ClickOnImgOrderList",
            "inputparams": [],
            "parentId": null,
            "callbackType": null,
            "disabled": null
        }]
    }
}