{
    "AS_Image_132a8270b5154b4bb4bf76cd3cd55595": {
        "id": "AS_Image_132a8270b5154b4bb4bf76cd3cd55595",
        "type": "ACTION_SEQUENCE",
        "params": [{
            "datatype": "collection",
            "name": "eventobject"
        }, {
            "datatype": "string",
            "name": "x"
        }, {
            "datatype": "string",
            "name": "y"
        }],
        "contextObj": {
            "name": "frmHome",
            "type": "forms",
            "platform": "",
            "KUID": "499926757e82442e8469755c4496e2d7"
        },
        "language": "js",
        "actions": [{
            "id": "NAVIGATE_TO_FORM___873abf46400842febcd45b85bae81839",
            "type": "NAVIGATE_TO_FORM",
            "formId": "frmLandingScreen",
            "formKUID": "55829541bffa4a99a50b1c7a911b9f1d",
            "mappings": {},
            "mappingsOrder": [],
            "parentId": "",
            "callbackType": null,
            "enableMappingEditor": true
        }]
    }
}