{
    "AS_Image_a8b8cc4f397c4bb1a7ff58a82bb45512": {
        "id": "AS_Image_a8b8cc4f397c4bb1a7ff58a82bb45512",
        "type": "ACTION_SEQUENCE",
        "params": [{
            "datatype": "collection",
            "name": "eventobject"
        }, {
            "datatype": "string",
            "name": "x"
        }, {
            "datatype": "string",
            "name": "y"
        }],
        "contextObj": {
            "name": "frmGetorderZIW",
            "type": "forms",
            "platform": "",
            "KUID": "5acb2b9a78fe48fa9a703582b2a35031"
        },
        "language": "js",
        "actions": [{
            "id": "INVOKE_FUNCTION___ed28f51a7eef4d0590f965c1492ae723",
            "type": "INVOKE_FUNCTION",
            "sequenceKUID": "ClickOnImgOrderList_ziw44",
            "display": "ClickOnImgOrderList_ziw44",
            "inputparams": [],
            "parentId": null,
            "callbackType": null,
            "disabled": null
        }]
    }
}