{
    "AS_Image_14970a5909144381acbb5840d5a6e05a": {
        "id": "AS_Image_14970a5909144381acbb5840d5a6e05a",
        "type": "ACTION_SEQUENCE",
        "params": [{
            "datatype": "collection",
            "name": "eventobject"
        }, {
            "datatype": "string",
            "name": "x"
        }, {
            "datatype": "string",
            "name": "y"
        }],
        "contextObj": {
            "name": "frmHome",
            "type": "forms",
            "platform": "",
            "KUID": "499926757e82442e8469755c4496e2d7"
        },
        "language": "js",
        "actions": [{
            "id": "ADD_SNIPPET__6e7f3aef05ea419e90cb577949b2660d",
            "type": "ADD_SNIPPET",
            "codeSnippet": "hbxHeaderPop.lblHeaderName.text = \"Create Ticket\";",
            "parentId": null,
            "callbackType": null
        }, {
            "id": "DISPLAY_POPUP___4d76df368f0b40668a2758b8d80367b6",
            "type": "DISPLAY_POPUP",
            "popupId": "popCreateTicket",
            "popupKUID": "3598abf0265847d498ccab22dbd34c42",
            "mappings": {},
            "mappingsOrder": [],
            "parentId": null,
            "callbackType": null,
            "enableMappingEditor": true
        }]
    }
}