{
    "AS_Image_60969c4874374df99f4d36f70ad82339": {
        "id": "AS_Image_60969c4874374df99f4d36f70ad82339",
        "type": "ACTION_SEQUENCE",
        "params": [{
            "datatype": "collection",
            "name": "eventobject"
        }, {
            "datatype": "string",
            "name": "x"
        }, {
            "datatype": "string",
            "name": "y"
        }],
        "contextObj": {
            "name": "frmgetOrderList",
            "type": "forms",
            "platform": "",
            "KUID": "76009dba108645d2a666db6978a2892d"
        },
        "language": "js",
        "actions": [{
            "id": "INVOKE_FUNCTION___9f8b1c205a984bf2998d55567b140f3b",
            "type": "INVOKE_FUNCTION",
            "sequenceKUID": "ClickOnImgofSubOrderList",
            "display": "ClickOnImgofSubOrderList",
            "inputparams": [],
            "parentId": null,
            "callbackType": null,
            "disabled": null
        }]
    }
}