{
    "AS_Label_5d1068b19f9348fab28660d825299a6f": {
        "id": "AS_Label_5d1068b19f9348fab28660d825299a6f",
        "type": "ACTION_SEQUENCE",
        "params": [{
            "datatype": "collection",
            "name": "eventobject"
        }, {
            "datatype": "string",
            "name": "x"
        }, {
            "datatype": "string",
            "name": "y"
        }],
        "contextObj": {
            "name": "Temp",
            "type": "templates",
            "platform": "",
            "KUID": "34d51a25b7544da0a4ecfcf398ea2b29"
        },
        "language": "js",
        "actions": [{
            "id": "INVOKE_FUNCTION___713473c64f164deb9eb8de0ea78c5c32",
            "type": "INVOKE_FUNCTION",
            "sequenceKUID": "call_empty_func",
            "display": "call_empty_func",
            "inputparams": [],
            "parentId": null,
            "callbackType": null,
            "disabled": null
        }]
    }
}