{
    "AS_Label_240b0b0cf374423582635dc78da685f8": {
        "id": "AS_Label_240b0b0cf374423582635dc78da685f8",
        "type": "ACTION_SEQUENCE",
        "params": [{
            "datatype": "collection",
            "name": "eventobject"
        }, {
            "datatype": "string",
            "name": "x"
        }, {
            "datatype": "string",
            "name": "y"
        }],
        "language": "js",
        "actions": [{
            "id": "INVOKE_FUNCTION__ide_onTouchEnd_9742d50cdf98433295e331ae295e0c3c",
            "type": "INVOKE_FUNCTION",
            "sequenceKUID": "set_popval",
            "display": "set_popval",
            "inputparams": [{
                "name": "headername",
                "value": "\"PMOrderType\""
            }, {
                "name": "popupName",
                "value": "popPrevNext"
            }, {
                "name": "selectedList",
                "value": "frmLandingScreen.lblPmOrderVal"
            }],
            "callbackType": null
        }]
    }
}