{
    "AS_Label_aabfbc53bede4715a2baeee7c4b08d3f": {
        "id": "AS_Label_aabfbc53bede4715a2baeee7c4b08d3f",
        "type": "ACTION_SEQUENCE",
        "params": [{
            "datatype": "collection",
            "name": "eventobject"
        }, {
            "datatype": "string",
            "name": "x"
        }, {
            "datatype": "string",
            "name": "y"
        }],
        "contextObj": {
            "name": "frmGetorderZIW",
            "type": "forms",
            "platform": "",
            "KUID": "5acb2b9a78fe48fa9a703582b2a35031"
        },
        "language": "js",
        "actions": [{
            "id": "INVOKE_FUNCTION___abd8298cb2d24a41ab08d1c5f3023260",
            "type": "INVOKE_FUNCTION",
            "sequenceKUID": "onClickFetchedOrderAll",
            "display": "onClickFetchedOrderAll",
            "inputparams": [{
                "name": "input",
                "value": " eventobject"
            }],
            "parentId": null,
            "callbackType": null
        }]
    }
}