{
    "AS_Label_15783a5ddf444cdd911b62ce861aa602": {
        "id": "AS_Label_15783a5ddf444cdd911b62ce861aa602",
        "type": "ACTION_SEQUENCE",
        "params": [{
            "datatype": "collection",
            "name": "eventobject"
        }, {
            "datatype": "string",
            "name": "x"
        }, {
            "datatype": "string",
            "name": "y"
        }],
        "language": "js",
        "actions": [{
            "id": "INVOKE_FUNCTION___b54d3a454c0547b4babe8cc9d54deb26",
            "type": "INVOKE_FUNCTION",
            "sequenceKUID": "set_popval",
            "display": "set_popval",
            "inputparams": [{
                "name": "headername",
                "value": "\"PlannerGroup\""
            }, {
                "name": "popupName",
                "value": "popPrevNext"
            }, {
                "name": "selectedList",
                "value": "frmLandingScreen.lblPgValue"
            }],
            "parentId": null
        }]
    }
}