{
    "AS_Label_f75231c748d344b390795e4360d8b3c7": {
        "id": "AS_Label_f75231c748d344b390795e4360d8b3c7",
        "type": "ACTION_SEQUENCE",
        "params": [{
            "datatype": "collection",
            "name": "eventobject"
        }, {
            "datatype": "string",
            "name": "x"
        }, {
            "datatype": "string",
            "name": "y"
        }],
        "contextObj": {
            "name": "Temp",
            "type": "templates",
            "platform": "",
            "KUID": "34d51a25b7544da0a4ecfcf398ea2b29"
        },
        "language": "js",
        "actions": [{
            "id": "INVOKE_FUNCTION___5b43a871b46a4ef1b7c03ebcd077e671",
            "type": "INVOKE_FUNCTION",
            "sequenceKUID": "call_empty_func",
            "display": "call_empty_func",
            "inputparams": [],
            "parentId": null,
            "callbackType": null,
            "disabled": null
        }]
    }
}