{
    "AS_Label_eac266de8d4c405fbe7098c13a35956d": {
        "id": "AS_Label_eac266de8d4c405fbe7098c13a35956d",
        "type": "ACTION_SEQUENCE",
        "params": [{
            "datatype": "collection",
            "name": "eventobject"
        }, {
            "datatype": "string",
            "name": "x"
        }, {
            "datatype": "string",
            "name": "y"
        }],
        "contextObj": {
            "name": "Temp",
            "type": "templates",
            "platform": "",
            "KUID": "34d51a25b7544da0a4ecfcf398ea2b29"
        },
        "language": "js",
        "actions": [{
            "id": "INVOKE_FUNCTION___7ce665e4d8f24910a1d03d4ac605548c",
            "type": "INVOKE_FUNCTION",
            "sequenceKUID": "call_empty_func",
            "display": "call_empty_func",
            "inputparams": [],
            "parentId": null,
            "callbackType": null,
            "disabled": null
        }]
    }
}