{
    "AS_Label_c6393c4c426343578e3894f8b3865a43": {
        "id": "AS_Label_c6393c4c426343578e3894f8b3865a43",
        "type": "ACTION_SEQUENCE",
        "params": [{
            "datatype": "collection",
            "name": "eventobject"
        }, {
            "datatype": "string",
            "name": "x"
        }, {
            "datatype": "string",
            "name": "y"
        }],
        "contextObj": {
            "name": "frmGetorderZIW",
            "type": "forms",
            "platform": "",
            "KUID": "5acb2b9a78fe48fa9a703582b2a35031"
        },
        "language": "js",
        "actions": [{
            "id": "INVOKE_FUNCTION___7f2bacbd119c464e9f2135a8ef3a5069",
            "type": "INVOKE_FUNCTION",
            "sequenceKUID": "onClickFetchedOrderAll",
            "display": "onClickFetchedOrderAll",
            "inputparams": [{
                "name": "input",
                "value": " eventobject"
            }],
            "parentId": null,
            "callbackType": null
        }]
    }
}