{
    "AS_Label_2ca797729a324c1dbf898987c55ff6f0": {
        "id": "AS_Label_2ca797729a324c1dbf898987c55ff6f0",
        "type": "ACTION_SEQUENCE",
        "params": [{
            "datatype": "collection",
            "name": "eventobject"
        }, {
            "datatype": "string",
            "name": "x"
        }, {
            "datatype": "string",
            "name": "y"
        }],
        "contextObj": {
            "name": "frmgetOrderList",
            "type": "forms",
            "platform": "",
            "KUID": "76009dba108645d2a666db6978a2892d"
        },
        "language": "js",
        "actions": [{
            "id": "INVOKE_FUNCTION___80ec34e39c9c4b20a0420f5aef0480f3",
            "type": "INVOKE_FUNCTION",
            "sequenceKUID": "onClickFetchedOrder",
            "display": "onClickFetchedOrder",
            "inputparams": [{
                "name": "input",
                "value": " eventobject"
            }],
            "parentId": null,
            "callbackType": null
        }]
    }
}