{
    "AS_Label_720dd58d5e864470ab2fa88ff36da829": {
        "id": "AS_Label_720dd58d5e864470ab2fa88ff36da829",
        "type": "ACTION_SEQUENCE",
        "params": [{
            "datatype": "collection",
            "name": "eventobject"
        }, {
            "datatype": "string",
            "name": "x"
        }, {
            "datatype": "string",
            "name": "y"
        }],
        "contextObj": {
            "name": "frmLogin",
            "type": "forms",
            "platform": "",
            "KUID": "309739114f904649a8afa1298b4aac95"
        },
        "language": "js",
        "actions": [{
            "id": "NAVIGATE_TO_FORM___d8d7a056ce794933baaa93b3806fb1bb",
            "type": "NAVIGATE_TO_FORM",
            "formId": "frmChangePassword",
            "formKUID": "6ae9309f8361414f911244e285aa997e",
            "mappings": {},
            "mappingsOrder": [],
            "parentId": "",
            "callbackType": null,
            "enableMappingEditor": true
        }]
    }
}