{
    "AS_Label_26255cd4336745138187eb0472ce3529": {
        "id": "AS_Label_26255cd4336745138187eb0472ce3529",
        "type": "ACTION_SEQUENCE",
        "params": [{
            "datatype": "collection",
            "name": "eventobject"
        }, {
            "datatype": "string",
            "name": "x"
        }, {
            "datatype": "string",
            "name": "y"
        }],
        "contextObj": {
            "name": "Temp",
            "type": "templates",
            "platform": "",
            "KUID": "34d51a25b7544da0a4ecfcf398ea2b29"
        },
        "language": "js",
        "actions": [{
            "id": "INVOKE_FUNCTION___b39f9335c9604e5a8422fcb261e30eee",
            "type": "INVOKE_FUNCTION",
            "sequenceKUID": "call_empty_func",
            "display": "call_empty_func",
            "inputparams": [],
            "parentId": null,
            "callbackType": null,
            "disabled": null
        }]
    }
}