{
    "AS_Label_214db444b3a94f128f3bde698113d540": {
        "id": "AS_Label_214db444b3a94f128f3bde698113d540",
        "type": "ACTION_SEQUENCE",
        "params": [{
            "datatype": "collection",
            "name": "eventobject"
        }, {
            "datatype": "string",
            "name": "x"
        }, {
            "datatype": "string",
            "name": "y"
        }],
        "contextObj": {
            "name": "frmMyOrderList",
            "type": "forms",
            "platform": null,
            "KUID": "0b957e109d19413ab9c55427f144e335"
        },
        "language": "js",
        "actions": [{
            "id": "INVOKE_FUNCTION___7cd608042f124200b8102f4b8508c9eb",
            "type": "INVOKE_FUNCTION",
            "sequenceKUID": "onClickMyORder",
            "display": "onClickMyORder",
            "inputparams": [{
                "name": "input",
                "value": " eventobject"
            }],
            "parentId": null
        }]
    }
}