{
    "AS_Label_32a31fc10bf540349d7cb69d643c3c9a": {
        "id": "AS_Label_32a31fc10bf540349d7cb69d643c3c9a",
        "type": "ACTION_SEQUENCE",
        "params": [{
            "datatype": "collection",
            "name": "eventobject"
        }, {
            "datatype": "string",
            "name": "x"
        }, {
            "datatype": "string",
            "name": "y"
        }],
        "contextObj": {
            "name": "frmgetOrderList",
            "type": "forms",
            "platform": "",
            "KUID": "76009dba108645d2a666db6978a2892d"
        },
        "language": "js",
        "actions": [{
            "id": "INVOKE_FUNCTION___9b7ec6850d9e4108b1b8199a27211aa5",
            "type": "INVOKE_FUNCTION",
            "sequenceKUID": "onClickFetchedOrder",
            "display": "onClickFetchedOrder",
            "inputparams": [{
                "name": "input",
                "value": " eventobject"
            }],
            "parentId": null,
            "callbackType": null
        }]
    }
}