{
    "AS_Label_4ad4dccfae1d4a4583cd765a050296bd": {
        "id": "AS_Label_4ad4dccfae1d4a4583cd765a050296bd",
        "type": "ACTION_SEQUENCE",
        "params": [{
            "datatype": "collection",
            "name": "eventobject"
        }, {
            "datatype": "string",
            "name": "x"
        }, {
            "datatype": "string",
            "name": "y"
        }],
        "contextObj": {
            "name": "frmMyOrderList",
            "type": "forms",
            "platform": null,
            "KUID": "0b957e109d19413ab9c55427f144e335"
        },
        "language": "js",
        "actions": [{
            "id": "INVOKE_FUNCTION__ide_onTouchEnd_de51668dbbb5442d99f9a46b01a57161",
            "type": "INVOKE_FUNCTION",
            "sequenceKUID": "onClickMyORder",
            "display": "onClickMyORder",
            "inputparams": [{
                "name": "input",
                "value": " eventobject"
            }],
            "callbackType": null
        }]
    }
}