{
    "AS_ListBox_f35627c2344b4fcc893f72ea64d41546": {
        "id": "AS_ListBox_f35627c2344b4fcc893f72ea64d41546",
        "type": "ACTION_SEQUENCE",
        "params": [{
            "datatype": "collection",
            "name": "eventobject"
        }],
        "contextObj": {
            "name": "frmLandingScreen",
            "type": "forms",
            "platform": "",
            "KUID": "55829541bffa4a99a50b1c7a911b9f1d"
        },
        "language": "js",
        "actions": [{
            "id": "INVOKE_FUNCTION___43f764f377b04c3eaaaaf0a42be77548",
            "type": "INVOKE_FUNCTION",
            "sequenceKUID": "getLabel_Code",
            "display": "getLabel_Code",
            "inputparams": [],
            "parentId": null,
            "callbackType": null
        }]
    }
}