{
    "AS_Label_81169ad0c09d4d83b4da669437b96438": {
        "id": "AS_Label_81169ad0c09d4d83b4da669437b96438",
        "type": "ACTION_SEQUENCE",
        "params": [{
            "datatype": "collection",
            "name": "eventobject"
        }, {
            "datatype": "string",
            "name": "x"
        }, {
            "datatype": "string",
            "name": "y"
        }],
        "contextObj": {
            "name": "frmLogin",
            "type": "forms",
            "platform": "",
            "KUID": "a91eb3d2f5b94674bcd54cd5b9118c00"
        },
        "language": "js",
        "actions": [{
            "id": "NAVIGATE_TO_FORM__onTouchStart_54136d56eb6642d7850c485fc7af405a",
            "type": "NAVIGATE_TO_FORM",
            "formId": "frmChangePassword",
            "formKUID": "6ae9309f8361414f911244e285aa997e",
            "mappings": {},
            "mappingsOrder": [],
            "parentId": "",
            "callbackType": null,
            "enableMappingEditor": true
        }]
    }
}