{
    "AS_Label_ea9e34a60ab1414395e492c610efee28": {
        "id": "AS_Label_ea9e34a60ab1414395e492c610efee28",
        "type": "ACTION_SEQUENCE",
        "params": [{
            "datatype": "collection",
            "name": "eventobject"
        }, {
            "datatype": "string",
            "name": "x"
        }, {
            "datatype": "string",
            "name": "y"
        }],
        "language": "js",
        "actions": [{
            "id": "INVOKE_FUNCTION__ide_onTouchEnd_e7d66a81d5454670a147a63b150b3583",
            "type": "INVOKE_FUNCTION",
            "sequenceKUID": "set_popval",
            "display": "set_popval",
            "inputparams": [{
                "name": "headername",
                "value": "\"Inspection Route\""
            }, {
                "name": "popupName",
                "value": "popPrevNext"
            }, {
                "name": "selectedList",
                "value": "frmLandingScreen.lblInsValue"
            }],
            "callbackType": null
        }]
    }
}