{
    "AS_Label_527f474cfa85404caeb38b5786fa2f58": {
        "id": "AS_Label_527f474cfa85404caeb38b5786fa2f58",
        "type": "ACTION_SEQUENCE",
        "params": [{
            "datatype": "collection",
            "name": "eventobject"
        }, {
            "datatype": "string",
            "name": "x"
        }, {
            "datatype": "string",
            "name": "y"
        }],
        "contextObj": {
            "name": "frmLogin",
            "type": "forms",
            "platform": "",
            "KUID": "687cb2ec77ee437d8804e0c08bc04b3d"
        },
        "language": "js",
        "actions": [{
            "id": "NAVIGATE_TO_FORM__onTouchStart_7b0dcd807baa4db6aeb0f68e87140dd2",
            "type": "NAVIGATE_TO_FORM",
            "formId": "frmChangePassword",
            "formKUID": "6ae9309f8361414f911244e285aa997e",
            "mappings": {},
            "mappingsOrder": [],
            "parentId": "",
            "callbackType": null,
            "enableMappingEditor": true
        }]
    }
}