{
    "AS_Label_8c15b752e95c40fc81e4d9ccb4603aad": {
        "id": "AS_Label_8c15b752e95c40fc81e4d9ccb4603aad",
        "type": "ACTION_SEQUENCE",
        "params": [{
            "datatype": "collection",
            "name": "eventobject"
        }, {
            "datatype": "string",
            "name": "x"
        }, {
            "datatype": "string",
            "name": "y"
        }],
        "contextObj": {
            "name": "frmLogin",
            "type": "forms",
            "platform": "",
            "KUID": "5537c7415b484cba8b7d6a18d97bf264"
        },
        "language": "js",
        "actions": [{
            "id": "NAVIGATE_TO_FORM__onTouchStart_9f1a920900974914a79a8b3f12c2e5d8",
            "type": "NAVIGATE_TO_FORM",
            "formId": "frmChangePassword",
            "formKUID": "6ae9309f8361414f911244e285aa997e",
            "mappings": {},
            "mappingsOrder": [],
            "parentId": "",
            "callbackType": null,
            "enableMappingEditor": true
        }]
    }
}