{
    "AS_Popup_f55f88b25cc24c339452155a1819be34": {
        "id": "AS_Popup_f55f88b25cc24c339452155a1819be34",
        "type": "ACTION_SEQUENCE",
        "params": [{
            "datatype": "collection",
            "name": "eventobject"
        }],
        "contextObj": {
            "name": "popCreateTicket",
            "type": "popups",
            "platform": "",
            "KUID": "3598abf0265847d498ccab22dbd34c42"
        },
        "language": "js",
        "actions": [{
            "id": "ADD_SNIPPET__d118500dca8c482a85b91b8a44e4cfea",
            "type": "ADD_SNIPPET",
            "codeSnippet": "popCreateTicket.destroy();",
            "parentId": null,
            "callbackType": null
        }]
    }
}