{
    "AS_Popup_f8c06be747f444fa95cb57aef2c67310": {
        "id": "AS_Popup_f8c06be747f444fa95cb57aef2c67310",
        "type": "ACTION_SEQUENCE",
        "params": [{
            "datatype": "collection",
            "name": "eventobject"
        }],
        "contextObj": {
            "name": "popNotification",
            "type": "popups",
            "platform": "",
            "KUID": "c6a6d45dc5194ad8911f561cc6ee30f5"
        },
        "language": "js",
        "actions": [{
            "id": "ADD_SNIPPET__5ad7a3b496554f90ab77d3cb4a167aa4",
            "type": "ADD_SNIPPET",
            "codeSnippet": "popNotification.destroy();",
            "parentId": null,
            "callbackType": null
        }]
    }
}