{
    "AS_Popup_cff4b9d916bd4be3a406648e3adcb325": {
        "id": "AS_Popup_cff4b9d916bd4be3a406648e3adcb325",
        "type": "ACTION_SEQUENCE",
        "params": [{
            "datatype": "collection",
            "name": "eventobject"
        }],
        "contextObj": {
            "name": "popDelete",
            "type": "popups",
            "platform": "",
            "KUID": "a18322f3f865401486baf25b7d7048d0"
        },
        "language": "js",
        "actions": [{
            "id": "ADD_SNIPPET__f6a2362ee398451881a1849e703bbb93",
            "type": "ADD_SNIPPET",
            "codeSnippet": "hbxHeaderPop.lblHeaderName.text = \"Delete\";",
            "parentId": null,
            "callbackType": null
        }]
    }
}