{
    "AS_Popup_3f98839ad6ea45b793bc426ce668d9ca": {
        "id": "AS_Popup_3f98839ad6ea45b793bc426ce668d9ca",
        "type": "ACTION_SEQUENCE",
        "params": [{
            "datatype": "collection",
            "name": "eventobject"
        }],
        "contextObj": {
            "name": "popAtachment",
            "type": "popups",
            "platform": "",
            "KUID": "1332b1b236de4226be268720979afe7d"
        },
        "language": "js",
        "actions": [{
            "id": "ADD_SNIPPET__1f5dab16338143ef9184e23920a86694",
            "type": "ADD_SNIPPET",
            "codeSnippet": "hbxHeaderPop.lblHeaderName.text = \"Attachment\";",
            "parentId": null,
            "callbackType": null
        }]
    }
}