{
    "AS_Popup_54528ef909ef43d6bd53c7810d4c9d20": {
        "id": "AS_Popup_54528ef909ef43d6bd53c7810d4c9d20",
        "type": "ACTION_SEQUENCE",
        "params": [{
            "datatype": "collection",
            "name": "eventobject"
        }],
        "contextObj": {
            "name": "popNotification",
            "type": "popups",
            "platform": null,
            "KUID": "c6a6d45dc5194ad8911f561cc6ee30f5"
        },
        "language": "js",
        "actions": [{
            "id": "ADD_SNIPPET_ide_init_1bf4181eb54f4ee9be868050fc921803",
            "type": "ADD_SNIPPET",
            "codeSnippet": "hbxHeaderPop.lblHeaderName.text = \"Notification\";",
            "callbackType": null
        }]
    }
}