{
    "AS_Popup_84e69f608aaf4cdc9c743a990d76a542": {
        "id": "AS_Popup_84e69f608aaf4cdc9c743a990d76a542",
        "type": "ACTION_SEQUENCE",
        "params": [{
            "datatype": "collection",
            "name": "eventobject"
        }],
        "contextObj": {
            "name": "popGetOrder",
            "type": "popups",
            "platform": null,
            "KUID": "8aefb6c3595342909c69837cfc6d959a"
        },
        "language": "js",
        "actions": [{
            "id": "ADD_SNIPPET__d49476188f9e4e569f2d913734c0561d",
            "type": "ADD_SNIPPET",
            "codeSnippet": "popGetOrder.dismiss();",
            "parentId": null,
            "callbackType": null
        }]
    }
}