{
    "AS_Segment_e5292ce218bd43cea6d2a2baffc16744": {
        "id": "AS_Segment_e5292ce218bd43cea6d2a2baffc16744",
        "type": "ACTION_SEQUENCE",
        "params": [{
            "datatype": "collection",
            "name": "eventobject"
        }, {
            "datatype": "number",
            "name": "sectionNumber"
        }, {
            "datatype": "number",
            "name": "rowNumber"
        }],
        "contextObj": {
            "name": "PopupQualitative",
            "type": "popups",
            "platform": null,
            "KUID": "d014d2853f38469b89d804498c381d15"
        },
        "language": "js",
        "actions": [{
            "id": "INVOKE_FUNCTION___e3d87ed9edf9435cbf4ee673864ff377",
            "type": "INVOKE_FUNCTION",
            "sequenceKUID": "OnClickQualitavive",
            "display": "OnClickQualitavive",
            "inputparams": [],
            "parentId": null,
            "callbackType": null,
            "disabled": null
        }]
    }
}