{
    "AS_Segment_e56eb1736ab844f280df419ec701cdd7": {
        "id": "AS_Segment_e56eb1736ab844f280df419ec701cdd7",
        "type": "ACTION_SEQUENCE",
        "params": [{
            "datatype": "collection",
            "name": "eventobject"
        }, {
            "datatype": "number",
            "name": "sectionNumber"
        }, {
            "datatype": "number",
            "name": "rowNumber"
        }],
        "contextObj": {
            "name": "popNotifyPriorty",
            "type": "popups",
            "platform": null,
            "KUID": "3449405ee7b94000801a9eb2674bb233"
        },
        "language": "js",
        "actions": [{
            "id": "INVOKE_FUNCTION___f38ae13b9eeb4cddb6791a4583bdd76e",
            "type": "INVOKE_FUNCTION",
            "sequenceKUID": "OnSelectNotfytxt",
            "display": "OnSelectNotfytxt",
            "inputparams": [],
            "parentId": null,
            "callbackType": null,
            "disabled": true
        }, {
            "id": "ADD_SNIPPET__227604135b2047d68518f35b44bf8ec3",
            "type": "ADD_SNIPPET",
            "codeSnippet": " popNotifyPriorty.dismiss();",
            "parentId": null,
            "callbackType": null
        }]
    }
}