{
    "AS_Segment_0230b655ebf84686940a9f27bfdea866": {
        "id": "AS_Segment_0230b655ebf84686940a9f27bfdea866",
        "type": "ACTION_SEQUENCE",
        "params": [{
            "datatype": "collection",
            "name": "eventobject"
        }, {
            "datatype": "number",
            "name": "sectionNumber"
        }, {
            "datatype": "number",
            "name": "rowNumber"
        }],
        "contextObj": {
            "name": "popListBox",
            "type": "popups",
            "platform": "",
            "KUID": "19f79dc82343429dbaa1799deebb817f"
        },
        "language": "js",
        "actions": [{
            "id": "INVOKE_FUNCTION___7a5b26c8ac734a52bead5627e906eeb6",
            "type": "INVOKE_FUNCTION",
            "sequenceKUID": "onSelectpopTxt",
            "display": "onSelectpopTxt",
            "inputparams": [],
            "parentId": null,
            "callbackType": null,
            "disabled": null
        }]
    }
}