{
    "AS_Segment_46e0d397b2324cceb5c8f472d30e2c22": {
        "id": "AS_Segment_46e0d397b2324cceb5c8f472d30e2c22",
        "type": "ACTION_SEQUENCE",
        "params": [{
            "datatype": "collection",
            "name": "eventobject"
        }, {
            "datatype": "number",
            "name": "sectionNumber"
        }, {
            "datatype": "number",
            "name": "rowNumber"
        }],
        "contextObj": {
            "name": "PopupNotificationText",
            "type": "popups",
            "platform": null,
            "KUID": "7c1eb0653cc94eed945b6aae5e4b4960"
        },
        "language": "js",
        "actions": [{
            "id": "INVOKE_FUNCTION___0048672aa20a46e3977f047df03b4332",
            "type": "INVOKE_FUNCTION",
            "sequenceKUID": "OnSelectNotfytxt",
            "display": "OnSelectNotfytxt",
            "inputparams": [],
            "parentId": null,
            "callbackType": null,
            "disabled": null
        }]
    }
}