{
    "AS_Segment_975a3eb5239240b58b36906504a7da75": {
        "id": "AS_Segment_975a3eb5239240b58b36906504a7da75",
        "type": "ACTION_SEQUENCE",
        "params": [{
            "datatype": "collection",
            "name": "eventobject"
        }, {
            "datatype": "number",
            "name": "sectionNumber"
        }, {
            "datatype": "number",
            "name": "rowNumber"
        }],
        "contextObj": {
            "name": "popPrevNext",
            "type": "popups",
            "platform": "",
            "KUID": "db6283b09c8c448ea8d147caea9a7a85"
        },
        "language": "js",
        "actions": [{
            "id": "INVOKE_FUNCTION___6570385efc3b41dfa371a4235e70fb42",
            "type": "INVOKE_FUNCTION",
            "sequenceKUID": "rowSegCLick",
            "display": "rowSegCLick",
            "inputparams": [{
                "name": "headername",
                "value": ""
            }],
            "parentId": null,
            "callbackType": null
        }]
    }
}