{
    "AS_Segment_6a0b123bf12840e49e9c71365e1f9f17": {
        "id": "AS_Segment_6a0b123bf12840e49e9c71365e1f9f17",
        "type": "ACTION_SEQUENCE",
        "params": [{
            "datatype": "collection",
            "name": "eventobject"
        }, {
            "datatype": "number",
            "name": "sectionNumber"
        }, {
            "datatype": "number",
            "name": "rowNumber"
        }],
        "contextObj": {
            "name": "PopupConfigText",
            "type": "popups",
            "platform": null,
            "KUID": "61f0ea273b44423d9ef9438f54902dbf"
        },
        "language": "js",
        "actions": [{
            "id": "INVOKE_FUNCTION___113cd1e2b10c4c7da990bd332bfbdf56",
            "type": "INVOKE_FUNCTION",
            "sequenceKUID": "OnSelectConfigtxt",
            "display": "OnSelectConfigtxt",
            "inputparams": [],
            "parentId": null,
            "callbackType": null,
            "disabled": null
        }]
    }
}