{
    "AS_Segment_48d7795b916e402789fe328b58e0685c": {
        "id": "AS_Segment_48d7795b916e402789fe328b58e0685c",
        "type": "ACTION_SEQUENCE",
        "params": [{
            "datatype": "collection",
            "name": "eventobject"
        }, {
            "datatype": "number",
            "name": "sectionNumber"
        }, {
            "datatype": "number",
            "name": "rowNumber"
        }],
        "contextObj": {
            "name": "frmgetOrderList",
            "type": "forms",
            "platform": "",
            "KUID": "76009dba108645d2a666db6978a2892d"
        },
        "language": "js",
        "actions": [{
            "id": "INVOKE_FUNCTION___1a3464781e0d4a9d9dc40e5a5aba99e7",
            "type": "INVOKE_FUNCTION",
            "sequenceKUID": "OnSegRowClickGetOrder",
            "display": "OnSegRowClickGetOrder",
            "inputparams": [],
            "parentId": null,
            "callbackType": null,
            "disabled": null
        }]
    }
}