{
    "AS_Segment_682ff52f37b84777967e70f5fba8fc6a": {
        "id": "AS_Segment_682ff52f37b84777967e70f5fba8fc6a",
        "type": "ACTION_SEQUENCE",
        "params": [{
            "datatype": "collection",
            "name": "eventobject"
        }, {
            "datatype": "number",
            "name": "sectionNumber"
        }, {
            "datatype": "number",
            "name": "rowNumber"
        }],
        "contextObj": {
            "name": "frmGetorderZIW",
            "type": "forms",
            "platform": "",
            "KUID": "5acb2b9a78fe48fa9a703582b2a35031"
        },
        "language": "js",
        "actions": [{
            "id": "INVOKE_FUNCTION___0246760036214b16aaefba74df93f3b7",
            "type": "INVOKE_FUNCTION",
            "sequenceKUID": "OnSegRowClickGetOrder_ziw",
            "display": "OnSegRowClickGetOrder_ziw",
            "inputparams": [],
            "parentId": null,
            "callbackType": null,
            "disabled": null
        }]
    }
}