{
    "AS_TabPane_431a7653decf49eca2c2c06252722225": {
        "id": "AS_TabPane_431a7653decf49eca2c2c06252722225",
        "type": "ACTION_SEQUENCE",
        "params": [{
            "datatype": "collection",
            "name": "eventobject"
        }, {
            "datatype": "number",
            "name": "currentindex"
        }, {
            "datatype": "boolean",
            "name": "isexpanded"
        }],
        "contextObj": {
            "name": "CopyfrmHelp0764d0074ae2e40",
            "type": "forms",
            "platform": null,
            "KUID": "2b2beb286bc6493ab7af7e99ce41bf8e"
        },
        "language": "js",
        "actions": [{
            "id": "ADD_SNIPPET_ide_onTabClick_7eeb361da5aa404bb37470e52275741e",
            "type": "ADD_SNIPPET",
            "codeSnippet": "frmHelp.flxHelpBg.tbpHelpScreen.tblHelp1.flxHelpTab1.lblHelpContent1.text = \"Our Building Products business is an innovation hub that offers an array of scientifically engineered products to cater to new-age constructions. Aerated Autoclaved Concrete (AAC) blocks are economical, light-weight blocks ideal for high-rise buildings,  for faster completion of projects. The retail format of UltraTech Building Solutions offers a wide range of construction products to the end customers under one roof.Our Building Products business is an innovation hub that offers an array of scientifically engineered products to cater to new-age constructions. Aerated Autoclaved Concrete (AAC) blocks are economical, light-weight blocks ideal for high-rise buildings\";\nfrmHelp.flxHelpBg.tbpHelpScreen.tblHelp2.flxHelpTab2.lblHelpContent2.text = \"Our Building Products business is an innovation hub that offers an array of scientifically engineered products to cater to new-age constructions. Aerated Autoclaved Concrete (AAC) blocks are economical\";\nfrmHelp.flxHelpBg.tbpHelpScreen.tblHelp3.flxHelpTab3.lblHelpContent3.text = \"Our Building Products business is an innovation hub that offers an array of scientifically engineered products to cater to new-age constructions. Aerated Autoclaved Concrete (AAC) blocks are economical.\";",
            "callbackType": null
        }]
    }
}