{
    "AS_TextField_84de508b684f410f80b6db89f1ee189f": {
        "id": "AS_TextField_84de508b684f410f80b6db89f1ee189f",
        "type": "ACTION_SEQUENCE",
        "params": [{
            "datatype": "collection",
            "name": "eventobject"
        }, {
            "datatype": "string",
            "name": "changedtext"
        }],
        "contextObj": {
            "name": "frmChangePassword",
            "type": "forms",
            "platform": "",
            "KUID": "6ae9309f8361414f911244e285aa997e"
        },
        "language": "js",
        "actions": [{
            "id": "INVOKE_FUNCTION___dab99fac2a1c4d3f918cc23b0086af10",
            "type": "INVOKE_FUNCTION",
            "sequenceKUID": "specialCharacter_ChangePassword",
            "display": "specialCharacter_ChangePassword",
            "inputparams": [],
            "parentId": null,
            "callbackType": null
        }]
    }
}