{
    "AS_TextField_5681d3a092e440a8afbdd9a7980ee75c": {
        "id": "AS_TextField_5681d3a092e440a8afbdd9a7980ee75c",
        "type": "ACTION_SEQUENCE",
        "params": [{
            "datatype": "collection",
            "name": "eventobject"
        }, {
            "datatype": "string",
            "name": "changedtext"
        }],
        "contextObj": {
            "name": "TempZWE53",
            "type": "templates",
            "platform": "",
            "KUID": "ac12751b3f6044d789d12cb9a96eabcc"
        },
        "language": "js",
        "actions": [{
            "id": "INVOKE_FUNCTION___76ae3fe5eb724e53be992a83aafaeb34",
            "type": "INVOKE_FUNCTION",
            "sequenceKUID": "RangeCheck",
            "display": "RangeCheck",
            "inputparams": [],
            "parentId": null,
            "callbackType": null,
            "disabled": null
        }]
    }
}