{
    "AS_TextField_6706fa4798d7494498dddb95aef4d916": {
        "id": "AS_TextField_6706fa4798d7494498dddb95aef4d916",
        "type": "ACTION_SEQUENCE",
        "params": [{
            "datatype": "collection",
            "name": "eventobject"
        }, {
            "datatype": "string",
            "name": "changedtext"
        }],
        "contextObj": {
            "name": "TempZWE53",
            "type": "templates",
            "platform": "",
            "KUID": "ac12751b3f6044d789d12cb9a96eabcc"
        },
        "language": "js",
        "actions": [{
            "id": "INVOKE_FUNCTION___9cec094f854f4b2d8bfaa35826e8d087",
            "type": "INVOKE_FUNCTION",
            "sequenceKUID": "OnTextChange_Textbox",
            "display": "OnTextChange_Textbox",
            "inputparams": [],
            "parentId": null,
            "callbackType": null,
            "disabled": null
        }]
    }
}