{
    "AS_TextField_8d926763ec0945e8b4142d5cde844d13": {
        "id": "AS_TextField_8d926763ec0945e8b4142d5cde844d13",
        "type": "ACTION_SEQUENCE",
        "params": [{
            "datatype": "collection",
            "name": "eventobject"
        }, {
            "datatype": "string",
            "name": "changedtext"
        }],
        "contextObj": {
            "name": "popPrevNext",
            "type": "popups",
            "platform": "",
            "KUID": "db6283b09c8c448ea8d147caea9a7a85"
        },
        "language": "js",
        "actions": [{
            "id": "INVOKE_FUNCTION___44e0f998616b428481d1898b5afae37d",
            "type": "INVOKE_FUNCTION",
            "sequenceKUID": "onAutoSearch",
            "display": "onAutoSearch",
            "inputparams": [],
            "parentId": null,
            "callbackType": null
        }]
    }
}