{
    "AS_TextField_5e4becf6a81443619d2ef317f87d4545": {
        "id": "AS_TextField_5e4becf6a81443619d2ef317f87d4545",
        "type": "ACTION_SEQUENCE",
        "params": [{
            "datatype": "collection",
            "name": "eventobject"
        }, {
            "datatype": "string",
            "name": "changedtext"
        }],
        "contextObj": {
            "name": "frmLogin",
            "type": "forms",
            "platform": "",
            "KUID": "309739114f904649a8afa1298b4aac95"
        },
        "language": "js",
        "actions": [{
            "id": "INVOKE_FUNCTION___c764a8f8cd184329a5f3cff20e66033a",
            "type": "INVOKE_FUNCTION",
            "sequenceKUID": "specialCharacter",
            "display": "specialCharacter",
            "inputparams": [],
            "parentId": null,
            "callbackType": null,
            "disabled": null
        }]
    }
}