{
    "AS_VBox_176350f51aa34714a408897f89d61d80": {
        "id": "AS_VBox_176350f51aa34714a408897f89d61d80",
        "type": "ACTION_SEQUENCE",
        "params": [{
            "datatype": "collection",
            "name": "eventobject"
        }],
        "contextObj": {
            "name": "tempHelp",
            "type": "templates",
            "KUID": "cc50df6a00384548834a36ef873697fb"
        },
        "language": "js",
        "actions": [{
            "id": "INVOKE_FUNCTION___33f67b0034b84257b9077483790643dd",
            "type": "INVOKE_FUNCTION",
            "sequenceKUID": "nav_onhome_img_click",
            "display": "nav_onhome_img_click",
            "inputparams": [],
            "parentId": null,
            "callbackType": null
        }]
    }
}