{
    "AS_VBox_8d34836aebe24dc2a4d8e3d749b6faff": {
        "id": "AS_VBox_8d34836aebe24dc2a4d8e3d749b6faff",
        "type": "ACTION_SEQUENCE",
        "params": [{
            "datatype": "collection",
            "name": "eventobject"
        }],
        "contextObj": {
            "name": "popPrevFooter",
            "type": "templates",
            "platform": "",
            "KUID": "a5d3f2ffe8c048ab99976001906d8b16"
        },
        "language": "js",
        "actions": [{
            "id": "INVOKE_FUNCTION___6232fb838ff341b88c5aebe172a09cad",
            "type": "INVOKE_FUNCTION",
            "sequenceKUID": "tfasites_NextPrev",
            "display": "tfasites_NextPrev",
            "inputparams": [{
                "name": "btnName",
                "value": "\"Prev\"\n"
            }],
            "parentId": null,
            "callbackType": null
        }]
    }
}