{
    "AS_VBox_1a651f653d824d50bd053e394ed3e2f5": {
        "id": "AS_VBox_1a651f653d824d50bd053e394ed3e2f5",
        "type": "ACTION_SEQUENCE",
        "params": [{
            "datatype": "collection",
            "name": "eventobject"
        }],
        "contextObj": {
            "name": "headerPop",
            "type": "templates",
            "platform": "",
            "KUID": "48abb50889104b6d9e27bbd24d2faed6"
        },
        "language": "js",
        "actions": [{
            "id": "INVOKE_FUNCTION___003b4ee02fa94d75a469393ee581748f",
            "type": "INVOKE_FUNCTION",
            "sequenceKUID": "popup_Dismiss",
            "display": "popup_Dismiss",
            "inputparams": [],
            "parentId": null,
            "callbackType": null
        }]
    }
}