{
    "AS_VBox_bdff9aa3b316412cbc7a466ef07d72dc": {
        "id": "AS_VBox_bdff9aa3b316412cbc7a466ef07d72dc",
        "type": "ACTION_SEQUENCE",
        "params": [{
            "datatype": "collection",
            "name": "eventobject"
        }],
        "language": "js",
        "actions": [{
            "id": "INVOKE_FUNCTION__ide_onClick_c677ee8427cc49f68035b7ed35c8b3a1",
            "type": "INVOKE_FUNCTION",
            "sequenceKUID": "popupNotification_Cancel",
            "display": "popupNotification_Cancel",
            "inputparams": [],
            "callbackType": null
        }]
    }
}