{
    "AS_VBox_8fb209af9bcc4483b8afacd9397d9f55": {
        "id": "AS_VBox_8fb209af9bcc4483b8afacd9397d9f55",
        "type": "ACTION_SEQUENCE",
        "params": [{
            "datatype": "collection",
            "name": "eventobject"
        }],
        "language": "js",
        "actions": [{
            "id": "INVOKE_FUNCTION__ide_onClick_69f07558ffff4116a79c9a7148952f8d",
            "type": "INVOKE_FUNCTION",
            "sequenceKUID": "tfasites_NextPrev",
            "display": "tfasites_NextPrev",
            "inputparams": [{
                "name": "btnName",
                "value": "\"Next\""
            }],
            "callbackType": null
        }]
    }
}