{
    "AS_VBox_c6f115100a0644638ea3fbf2af9dc93f": {
        "id": "AS_VBox_c6f115100a0644638ea3fbf2af9dc93f",
        "type": "ACTION_SEQUENCE",
        "params": [{
            "datatype": "collection",
            "name": "eventobject"
        }],
        "language": "js",
        "actions": [{
            "id": "ADD_SNIPPET__4a1526ba0e29426eb3977d2bc59e11c0",
            "type": "ADD_SNIPPET",
            "codeSnippet": "popPrevNext.txtSearch.text = \"\";",
            "parentId": null,
            "callbackType": null
        }, {
            "id": "INVOKE_FUNCTION__ide_onClick_3fa2d7806ccb44179c0ecbc8ea4dbd65",
            "type": "INVOKE_FUNCTION",
            "sequenceKUID": "popup_Dismiss",
            "display": "popup_Dismiss",
            "inputparams": [],
            "callbackType": null
        }]
    }
}