{
    "AS_VBox_a8447473319645bbb8c976ff2a62804a": {
        "id": "AS_VBox_a8447473319645bbb8c976ff2a62804a",
        "type": "ACTION_SEQUENCE",
        "params": [{
            "datatype": "collection",
            "name": "eventobject"
        }],
        "contextObj": {
            "name": "tempHelp",
            "type": "templates",
            "KUID": "cc50df6a00384548834a36ef873697fb"
        },
        "language": "js",
        "actions": [{
            "id": "INVOKE_FUNCTION___f887ac0d2fda4b2fb6f99a69ed9f4297",
            "type": "INVOKE_FUNCTION",
            "sequenceKUID": "nav_onback_btn_press",
            "display": "nav_onback_btn_press",
            "inputparams": [],
            "parentId": null,
            "callbackType": null
        }]
    }
}