{
    "AS_VBox_2ed0c11e0b3b4c5cadd065f55f4b0675": {
        "id": "AS_VBox_2ed0c11e0b3b4c5cadd065f55f4b0675",
        "type": "ACTION_SEQUENCE",
        "params": [{
            "datatype": "collection",
            "name": "eventobject"
        }],
        "contextObj": {
            "name": "headerPop",
            "type": "templates",
            "platform": "",
            "KUID": "48abb50889104b6d9e27bbd24d2faed6"
        },
        "language": "js",
        "actions": [{
            "id": "ADD_SNIPPET__40921c7bfdb244fa9f7a9016c63abda6",
            "type": "ADD_SNIPPET",
            "codeSnippet": "popAtachment.dismiss();\npopCreateTicket.dismiss();\npopErrorMsg.dismiss();\npopNotification.dismiss();",
            "parentId": null,
            "callbackType": null
        }]
    }
}