{
    "AS_VBox_efc1429a443a48aebf5c2f50aa14d28c": {
        "id": "AS_VBox_efc1429a443a48aebf5c2f50aa14d28c",
        "type": "ACTION_SEQUENCE",
        "params": [{
            "datatype": "collection",
            "name": "eventobject"
        }],
        "contextObj": {
            "name": "popPrevFooter",
            "type": "templates",
            "platform": "",
            "KUID": "a5d3f2ffe8c048ab99976001906d8b16"
        },
        "language": "js",
        "actions": [{
            "id": "INVOKE_FUNCTION___348368ca45b74ff680974c3ef87bc719",
            "type": "INVOKE_FUNCTION",
            "sequenceKUID": "tfasites_NextPrev",
            "display": "tfasites_NextPrev",
            "inputparams": [{
                "name": "btnName",
                "value": "\"Next\""
            }],
            "parentId": null,
            "callbackType": null
        }]
    }
}