{
    "AS_Button_55c37c0810ef454ba6f13882452bbcf6": {
        "id": "AS_Button_55c37c0810ef454ba6f13882452bbcf6",
        "type": "ACTION_SEQUENCE",
        "params": [{
            "datatype": "collection",
            "name": "eventobject"
        }],
        "contextObj": {
            "name": "popLogout",
            "type": "popups",
            "platform": "",
            "KUID": "f32cb7c1c7ad43028bdab515545478d7"
        },
        "language": "js",
        "actions": [{
            "id": "INVOKE_FUNCTION___ba0428e75345404798988df23c45b430",
            "type": "INVOKE_FUNCTION",
            "sequenceKUID": "popCancel",
            "display": "popCancel",
            "inputparams": [{
                "name": "b",
                "value": "\"logout\""
            }],
            "parentId": null,
            "callbackType": null,
            "disabled": null
        }]
    }
}