{
    "AS_Button_d390aeb260d74f699930eeee7a4accd3": {
        "id": "AS_Button_d390aeb260d74f699930eeee7a4accd3",
        "type": "ACTION_SEQUENCE",
        "params": [{
            "datatype": "collection",
            "name": "eventobject"
        }],
        "contextObj": {
            "name": "popSycSuccess",
            "type": "popups",
            "platform": "",
            "KUID": "aee04fc166374f7ab8bab682819d96de"
        },
        "language": "js",
        "actions": [{
            "id": "INVOKE_FUNCTION___0ca139ae3d7c4018b1928a4c9794a6c6",
            "type": "INVOKE_FUNCTION",
            "sequenceKUID": "syncSuccessOk",
            "display": "syncSuccessOk",
            "inputparams": [],
            "parentId": null,
            "callbackType": null,
            "disabled": null
        }]
    }
}