{
    "AS_Button_47f2046aca0643d98bc53032568eb2fd": {
        "id": "AS_Button_47f2046aca0643d98bc53032568eb2fd",
        "type": "ACTION_SEQUENCE",
        "params": [{
            "datatype": "collection",
            "name": "eventobject"
        }],
        "contextObj": {
            "name": "popGetOrder",
            "type": "popups",
            "platform": "",
            "KUID": "db7513921e454b15a6f1383891f01186"
        },
        "language": "js",
        "actions": [{
            "id": "INVOKE_FUNCTION___25995d9fa14a4d5ab67ea5b3ae42a22d",
            "type": "INVOKE_FUNCTION",
            "sequenceKUID": "getFetchOrder1",
            "display": "getFetchOrder1",
            "inputparams": [],
            "parentId": null,
            "callbackType": null,
            "disabled": null
        }]
    }
}