{
    "AS_Button_090342a516c941ee9640dc89317928b3": {
        "id": "AS_Button_090342a516c941ee9640dc89317928b3",
        "type": "ACTION_SEQUENCE",
        "params": [{
            "datatype": "collection",
            "name": "eventobject"
        }],
        "contextObj": {
            "name": "frmLandingScreen",
            "type": "forms",
            "platform": "",
            "KUID": "91ece0819d6e4427bb1390e5421cf31f"
        },
        "language": "js",
        "actions": [{
            "id": "INVOKE_FUNCTION___f02ee44c42354a53bcfedec5d725628a",
            "type": "INVOKE_FUNCTION",
            "sequenceKUID": "myOrderfetch",
            "display": "myOrderfetch",
            "inputparams": [{
                "name": "obj"
            }],
            "parentId": null,
            "callbackType": null,
            "disabled": null
        }]
    }
}