{
    "AS_Button_0cae75d3cf254dbd8295913217b0d8da": {
        "id": "AS_Button_0cae75d3cf254dbd8295913217b0d8da",
        "type": "ACTION_SEQUENCE",
        "params": [{
            "datatype": "collection",
            "name": "eventobject"
        }],
        "contextObj": {
            "name": "popPrevNext",
            "type": "popups",
            "platform": "",
            "KUID": "ed5331b481dd45b9acd2154b71d6d0b9"
        },
        "language": "js",
        "actions": [{
            "id": "INVOKE_FUNCTION___87ab7f9bb2c04ca38ec157c4ad0bbb0e",
            "type": "INVOKE_FUNCTION",
            "sequenceKUID": "tfasites_NextPrev",
            "display": "tfasites_NextPrev",
            "inputparams": [{
                "name": "btnName"
            }],
            "parentId": null,
            "callbackType": null,
            "disabled": null
        }]
    }
}