{
    "AS_Button_ef71d83ec1da4dabb37d5df9102e03ef": {
        "id": "AS_Button_ef71d83ec1da4dabb37d5df9102e03ef",
        "type": "ACTION_SEQUENCE",
        "params": [{
            "datatype": "collection",
            "name": "eventobject"
        }],
        "contextObj": {
            "name": "frmHome",
            "type": "forms",
            "platform": "",
            "KUID": "451b4043324149738bdbaaf08dc4409f"
        },
        "language": "js",
        "actions": [{
            "id": "NAVIGATE_TO_FORM___4890c631cacc4d728901d7da93b80302",
            "type": "NAVIGATE_TO_FORM",
            "formId": "frmHelpScreen",
            "formKUID": "9d2dd2a616404eeebe687ea96453bc42",
            "mappings": {},
            "mappingsOrder": [],
            "parentId": "",
            "callbackType": null,
            "enableMappingEditor": true
        }]
    }
}