{
    "AS_Button_8be57194937846ad976aae807e6ad608": {
        "id": "AS_Button_8be57194937846ad976aae807e6ad608",
        "type": "ACTION_SEQUENCE",
        "params": [{
            "datatype": "collection",
            "name": "eventobject"
        }],
        "contextObj": {
            "name": "popNotification",
            "type": "popups",
            "platform": "",
            "KUID": "f0877d1bddfe4e5683d2024ad7fd28c7"
        },
        "language": "js",
        "actions": [{
            "id": "INVOKE_FUNCTION___e745caf6bfe247eca96037ee13b32106",
            "type": "INVOKE_FUNCTION",
            "sequenceKUID": "popupNotification_Cancel",
            "display": "popupNotification_Cancel",
            "inputparams": [],
            "parentId": null,
            "callbackType": null,
            "disabled": null
        }]
    }
}