{
    "AS_Button_77ae883975eb49dead99f35d64555fda": {
        "id": "AS_Button_77ae883975eb49dead99f35d64555fda",
        "type": "ACTION_SEQUENCE",
        "params": [{
            "datatype": "collection",
            "name": "eventobject"
        }],
        "contextObj": {
            "name": "frmHome",
            "type": "forms",
            "platform": "",
            "KUID": "451b4043324149738bdbaaf08dc4409f"
        },
        "language": "js",
        "actions": [{
            "id": "NAVIGATE_TO_FORM___62568140bae14e42b6a94e8094572d42",
            "type": "NAVIGATE_TO_FORM",
            "formId": "frmLandingScreen",
            "formKUID": "91ece0819d6e4427bb1390e5421cf31f",
            "mappings": {},
            "mappingsOrder": [],
            "parentId": "",
            "callbackType": null,
            "enableMappingEditor": true
        }]
    }
}