{
    "AS_Button_e65dc366fd3a405ba3b6c9e4c94bee95": {
        "id": "AS_Button_e65dc366fd3a405ba3b6c9e4c94bee95",
        "type": "ACTION_SEQUENCE",
        "params": [{
            "datatype": "collection",
            "name": "eventobject"
        }, {
            "datatype": "collection",
            "name": "context"
        }],
        "contextObj": {
            "name": "Temp",
            "type": "templates",
            "platform": "",
            "KUID": "580c2bb45a4144bab218f3c9f9f00a5a"
        },
        "language": "js",
        "actions": [{
            "id": "INVOKE_FUNCTION___bb44a9b5f5a4423980055c90cd79f617",
            "type": "INVOKE_FUNCTION",
            "sequenceKUID": "long_BtnClick",
            "display": "long_BtnClick",
            "inputparams": [],
            "parentId": null,
            "callbackType": null,
            "disabled": null
        }]
    }
}