{
    "AS_Button_c09c1b59b7d84e0aaf8d5351cc7a33ff": {
        "id": "AS_Button_c09c1b59b7d84e0aaf8d5351cc7a33ff",
        "type": "ACTION_SEQUENCE",
        "params": [{
            "datatype": "collection",
            "name": "eventobject"
        }, {
            "datatype": "collection",
            "name": "context"
        }],
        "contextObj": {
            "name": "FBox077c08d4a8aef40",
            "type": "templates",
            "platform": "",
            "KUID": "ae7f1bc58d794f4889428a4dd7dcff57"
        },
        "language": "js",
        "actions": [{
            "id": "INVOKE_FUNCTION___b9755b5c9b32407fb5f594b51a956bba",
            "type": "INVOKE_FUNCTION",
            "sequenceKUID": "OrderListOnSelectZWI44",
            "display": "OrderListOnSelectZWI44",
            "inputparams": [],
            "parentId": null,
            "callbackType": null,
            "disabled": null
        }]
    }
}