{
    "AS_Button_a2fff6a5e2c94d6588bf8f213eb9e30a": {
        "id": "AS_Button_a2fff6a5e2c94d6588bf8f213eb9e30a",
        "type": "ACTION_SEQUENCE",
        "params": [{
            "datatype": "collection",
            "name": "eventobject"
        }, {
            "datatype": "collection",
            "name": "context"
        }],
        "contextObj": {
            "name": "Temp",
            "type": "templates",
            "platform": "",
            "KUID": "580c2bb45a4144bab218f3c9f9f00a5a"
        },
        "language": "js",
        "actions": [{
            "id": "INVOKE_FUNCTION___a7c662b39a0d4c3483e07fd6badaf1b7",
            "type": "INVOKE_FUNCTION",
            "sequenceKUID": "nofityPriorty_BtnClick",
            "display": "nofityPriorty_BtnClick",
            "inputparams": [],
            "parentId": null,
            "callbackType": null,
            "disabled": null
        }]
    }
}