{
    "AS_Button_f6ae4cb1f5554926bedc807b870cfb5f": {
        "id": "AS_Button_f6ae4cb1f5554926bedc807b870cfb5f",
        "type": "ACTION_SEQUENCE",
        "params": [{
            "datatype": "collection",
            "name": "eventobject"
        }],
        "contextObj": {
            "name": "frmHome",
            "type": "forms",
            "platform": null,
            "KUID": "451b4043324149738bdbaaf08dc4409f"
        },
        "language": "js",
        "actions": [{
            "id": "ADD_SNIPPET__950a00f47b2b4530ac467137e616c295",
            "type": "ADD_SNIPPET",
            "codeSnippet": "hbxHeaderPop.lblHeaderName.text = \"Logout\";",
            "parentId": null,
            "callbackType": null
        }, {
            "id": "DISPLAY_POPUP___a2ae00bbbb5f437c958049c52591cdaf",
            "type": "DISPLAY_POPUP",
            "popupId": "popLogout",
            "popupKUID": "f32cb7c1c7ad43028bdab515545478d7",
            "mappings": {},
            "mappingsOrder": [],
            "parentId": null,
            "callbackType": null,
            "enableMappingEditor": true
        }]
    }
}