{
    "AS_Button_c804f29313fc4abd8957371e80686d64": {
        "id": "AS_Button_c804f29313fc4abd8957371e80686d64",
        "type": "ACTION_SEQUENCE",
        "params": [{
            "datatype": "collection",
            "name": "eventobject"
        }, {
            "datatype": "collection",
            "name": "context"
        }],
        "contextObj": {
            "name": "Temp",
            "type": "templates",
            "platform": "",
            "KUID": "580c2bb45a4144bab218f3c9f9f00a5a"
        },
        "language": "js",
        "actions": [{
            "id": "INVOKE_FUNCTION___2805618da0e74b0ea2e904e3bed60069",
            "type": "INVOKE_FUNCTION",
            "sequenceKUID": "confg_BtnClick",
            "display": "confg_BtnClick",
            "inputparams": [],
            "parentId": null,
            "callbackType": null,
            "disabled": null
        }]
    }
}