{
    "AS_Button_8f1c88ccf9c34ce9a3fe959427fd92cd": {
        "id": "AS_Button_8f1c88ccf9c34ce9a3fe959427fd92cd",
        "type": "ACTION_SEQUENCE",
        "params": [{
            "datatype": "collection",
            "name": "eventobject"
        }],
        "contextObj": {
            "name": "popLongText",
            "type": "popups",
            "platform": "",
            "KUID": "40a901b128ba4278ab7b535c8bf88103"
        },
        "language": "js",
        "actions": [{
            "id": "INVOKE_FUNCTION___2b974565ad7a4a7c950836efaa616e3d",
            "type": "INVOKE_FUNCTION",
            "sequenceKUID": "LongText_Submit",
            "display": "LongText_Submit",
            "inputparams": [],
            "parentId": null,
            "callbackType": null,
            "disabled": null
        }]
    }
}