{
    "AS_Button_1230fc4cd01c4b60950c02d651b9a195": {
        "id": "AS_Button_1230fc4cd01c4b60950c02d651b9a195",
        "type": "ACTION_SEQUENCE",
        "params": [{
            "datatype": "collection",
            "name": "eventobject"
        }],
        "contextObj": {
            "name": "popErrorMsg",
            "type": "popups",
            "platform": "",
            "KUID": "12b2b36c264a4f1585d1d4e751bc9fb8"
        },
        "language": "js",
        "actions": [{
            "id": "INVOKE_FUNCTION___e358a849352948e89b7d2e8e6390c71f",
            "type": "INVOKE_FUNCTION",
            "sequenceKUID": "CreateBtnClick",
            "display": "CreateBtnClick",
            "inputparams": [],
            "parentId": null,
            "callbackType": null,
            "disabled": null
        }]
    }
}