{
    "AS_Button_ab0706b9d7db43ada379799273be6970": {
        "id": "AS_Button_ab0706b9d7db43ada379799273be6970",
        "type": "ACTION_SEQUENCE",
        "params": [{
            "datatype": "collection",
            "name": "eventobject"
        }],
        "contextObj": {
            "name": "popGetOrder",
            "type": "popups",
            "platform": "",
            "KUID": "db7513921e454b15a6f1383891f01186"
        },
        "language": "js",
        "actions": [{
            "id": "INVOKE_FUNCTION___d7cce05bf9544df7b61b1a4505a26a48",
            "type": "INVOKE_FUNCTION",
            "sequenceKUID": "getFetchOrder2",
            "display": "getFetchOrder2",
            "inputparams": [],
            "parentId": null,
            "callbackType": null,
            "disabled": null
        }]
    }
}