{
    "AS_Button_6c1e7ed9be264ba9847fc7a389a41544": {
        "id": "AS_Button_6c1e7ed9be264ba9847fc7a389a41544",
        "type": "ACTION_SEQUENCE",
        "params": [{
            "datatype": "collection",
            "name": "eventobject"
        }, {
            "datatype": "collection",
            "name": "context"
        }],
        "contextObj": {
            "name": "Temp",
            "type": "templates",
            "platform": "",
            "KUID": "580c2bb45a4144bab218f3c9f9f00a5a"
        },
        "language": "js",
        "actions": [{
            "id": "INVOKE_FUNCTION___ac6fd31adc574f46b85c52800bd8d4b2",
            "type": "INVOKE_FUNCTION",
            "sequenceKUID": "SubOrderList_OnSelect_ZWI44",
            "display": "SubOrderList_OnSelect_ZWI44",
            "inputparams": [],
            "parentId": null,
            "callbackType": null,
            "disabled": null
        }]
    }
}