{
    "AS_Button_ee76a083c15640a4abf5c076e29b9755": {
        "id": "AS_Button_ee76a083c15640a4abf5c076e29b9755",
        "type": "ACTION_SEQUENCE",
        "params": [{
            "datatype": "collection",
            "name": "eventobject"
        }],
        "contextObj": {
            "name": "popPrevNext",
            "type": "popups",
            "platform": "",
            "KUID": "ed5331b481dd45b9acd2154b71d6d0b9"
        },
        "language": "js",
        "actions": [{
            "id": "INVOKE_FUNCTION___c4d5d2e206f34d8a9704b3f0ed7dca05",
            "type": "INVOKE_FUNCTION",
            "sequenceKUID": "tfasites_NextPrev",
            "display": "tfasites_NextPrev",
            "inputparams": [{
                "name": "btnName"
            }],
            "parentId": null,
            "callbackType": null,
            "disabled": null
        }]
    }
}