{
    "AS_Button_10201f3f2cd34d01b1c877f41f122198": {
        "id": "AS_Button_10201f3f2cd34d01b1c877f41f122198",
        "type": "ACTION_SEQUENCE",
        "params": [{
            "datatype": "collection",
            "name": "eventobject"
        }],
        "contextObj": {
            "name": "popDelete",
            "type": "popups",
            "platform": "",
            "KUID": "73686cdf671b42ee92a82463f73a5ac5"
        },
        "language": "js",
        "actions": [{
            "id": "INVOKE_FUNCTION___6381e290565d472eba281965d0ce4067",
            "type": "INVOKE_FUNCTION",
            "sequenceKUID": "popup_Dismiss",
            "display": "popup_Dismiss",
            "inputparams": [],
            "parentId": null,
            "callbackType": null,
            "disabled": null
        }]
    }
}