{
    "AS_Button_10b4c600f3694c31a3e4f871840846d7": {
        "id": "AS_Button_10b4c600f3694c31a3e4f871840846d7",
        "type": "ACTION_SEQUENCE",
        "params": [{
            "datatype": "collection",
            "name": "eventobject"
        }, {
            "datatype": "collection",
            "name": "context"
        }],
        "contextObj": {
            "name": "FBox02863b6fb872b42",
            "type": "templates",
            "platform": "",
            "KUID": "820739d026604f2a87933e2a47ebb9fa"
        },
        "language": "js",
        "actions": [{
            "id": "INVOKE_FUNCTION___09681fc75104404d95c28323ddaa05ed",
            "type": "INVOKE_FUNCTION",
            "sequenceKUID": "OrderListOnSelect",
            "display": "OrderListOnSelect",
            "inputparams": [],
            "parentId": null,
            "callbackType": null,
            "disabled": null
        }]
    }
}