{
    "AS_Button_4d531147d84c4663badce6be35097e8e": {
        "id": "AS_Button_4d531147d84c4663badce6be35097e8e",
        "type": "ACTION_SEQUENCE",
        "params": [{
            "datatype": "collection",
            "name": "eventobject"
        }],
        "contextObj": {
            "name": "popDelete",
            "type": "popups",
            "platform": "",
            "KUID": "73686cdf671b42ee92a82463f73a5ac5"
        },
        "language": "js",
        "actions": [{
            "id": "INVOKE_FUNCTION___3b3d8f22195a4021a2ab25c0e5e4bfa5",
            "type": "INVOKE_FUNCTION",
            "sequenceKUID": "DeleteBtnonClick",
            "display": "DeleteBtnonClick",
            "inputparams": [],
            "parentId": null,
            "callbackType": null,
            "disabled": null
        }]
    }
}