{
    "AS_Button_f310e233b7644e149d303ca9cc2af706": {
        "id": "AS_Button_f310e233b7644e149d303ca9cc2af706",
        "type": "ACTION_SEQUENCE",
        "params": [{
            "datatype": "collection",
            "name": "eventobject"
        }],
        "contextObj": {
            "name": "frmHome",
            "type": "forms",
            "platform": "",
            "KUID": "451b4043324149738bdbaaf08dc4409f"
        },
        "language": "js",
        "actions": [{
            "id": "INVOKE_FUNCTION___fc72099e4ba34abb9b844e7b6785ec8d",
            "type": "INVOKE_FUNCTION",
            "sequenceKUID": "CreateBtnClick",
            "display": "CreateBtnClick",
            "inputparams": [],
            "parentId": null,
            "callbackType": null,
            "disabled": null
        }]
    }
}