{
    "AS_Button_2df5087d45394748a370a0e496e8a6d0": {
        "id": "AS_Button_2df5087d45394748a370a0e496e8a6d0",
        "type": "ACTION_SEQUENCE",
        "params": [{
            "datatype": "collection",
            "name": "eventobject"
        }],
        "contextObj": {
            "name": "PopupComplete",
            "type": "popups",
            "platform": "",
            "KUID": "fa0a77769fd34f7eab0e1911a8b2668d"
        },
        "language": "js",
        "actions": [{
            "id": "INVOKE_FUNCTION___4934f2390e054c8ead104ceb0a529251",
            "type": "INVOKE_FUNCTION",
            "sequenceKUID": "completeYes",
            "display": "completeYes",
            "inputparams": [],
            "parentId": null,
            "callbackType": null,
            "disabled": null
        }]
    }
}