{
    "AS_Button_52d9b1a145a04d15a7f159fcef11dfe8": {
        "id": "AS_Button_52d9b1a145a04d15a7f159fcef11dfe8",
        "type": "ACTION_SEQUENCE",
        "params": [{
            "datatype": "collection",
            "name": "eventobject"
        }],
        "contextObj": {
            "name": "frmLogin",
            "type": "forms",
            "platform": null,
            "KUID": "d89f856cca0747718f2d9918dfdff43f"
        },
        "language": "js",
        "actions": [{
            "id": "INVOKE_FUNCTION___6c69a40b809542e7ab53add91260348c",
            "type": "INVOKE_FUNCTION",
            "sequenceKUID": "login_identity",
            "display": "login_identity",
            "inputparams": [],
            "parentId": null,
            "callbackType": null,
            "disabled": null
        }]
    }
}