{
    "AS_Button_fba1b65320de433fa6c770ed0d231a02": {
        "id": "AS_Button_fba1b65320de433fa6c770ed0d231a02",
        "type": "ACTION_SEQUENCE",
        "params": [{
            "datatype": "collection",
            "name": "eventobject"
        }, {
            "datatype": "collection",
            "name": "context"
        }],
        "contextObj": {
            "name": "TempZWE53",
            "type": "templates",
            "platform": "",
            "KUID": "7108a05e75124870950769cf3d61761f"
        },
        "language": "js",
        "actions": [{
            "id": "INVOKE_FUNCTION___35c55c565c6840229b85ea2d5c30447c",
            "type": "INVOKE_FUNCTION",
            "sequenceKUID": "SubOrderList_OnSelect",
            "display": "SubOrderList_OnSelect",
            "inputparams": [],
            "parentId": null,
            "callbackType": null,
            "disabled": null
        }]
    }
}