{
    "AS_Button_f21b53ec1f774996863f72119c586e02": {
        "id": "AS_Button_f21b53ec1f774996863f72119c586e02",
        "type": "ACTION_SEQUENCE",
        "params": [{
            "datatype": "collection",
            "name": "eventobject"
        }, {
            "datatype": "collection",
            "name": "context"
        }],
        "contextObj": {
            "name": "TempZWE53",
            "type": "templates",
            "platform": "",
            "KUID": "7108a05e75124870950769cf3d61761f"
        },
        "language": "js",
        "actions": [{
            "id": "INVOKE_FUNCTION___cbd5ba2655064460a778c6dab0d0f7cc",
            "type": "INVOKE_FUNCTION",
            "sequenceKUID": "Attachment_Btnonclick",
            "display": "Attachment_Btnonclick",
            "inputparams": [],
            "parentId": null,
            "callbackType": null,
            "disabled": null
        }]
    }
}