{
    "AS_Button_66bdd9c17d124f8d9e19367a2f4009a2": {
        "id": "AS_Button_66bdd9c17d124f8d9e19367a2f4009a2",
        "type": "ACTION_SEQUENCE",
        "params": [{
            "datatype": "collection",
            "name": "eventobject"
        }],
        "contextObj": {
            "name": "frmLandingScreen",
            "type": "forms",
            "platform": "",
            "KUID": "91ece0819d6e4427bb1390e5421cf31f"
        },
        "language": "js",
        "actions": [{
            "id": "INVOKE_FUNCTION___13fafbd51b0340e89934525077f8ca0b",
            "type": "INVOKE_FUNCTION",
            "sequenceKUID": "CheckforSameFilters",
            "display": "CheckforSameFilters",
            "inputparams": [],
            "parentId": null,
            "callbackType": null,
            "disabled": null
        }]
    }
}