{
    "AS_Button_a140e596af9b4bca9bb64800be27d440": {
        "id": "AS_Button_a140e596af9b4bca9bb64800be27d440",
        "type": "ACTION_SEQUENCE",
        "params": [{
            "datatype": "collection",
            "name": "eventobject"
        }],
        "contextObj": {
            "name": "popBack",
            "type": "popups",
            "platform": "",
            "KUID": "1c228cbe18a34e7aa83bef6740575963"
        },
        "language": "js",
        "actions": [{
            "id": "INVOKE_FUNCTION___bb96a3282d104362a3cb63113ada63b1",
            "type": "INVOKE_FUNCTION",
            "sequenceKUID": "popup_Dismiss",
            "display": "popup_Dismiss",
            "inputparams": [],
            "parentId": null,
            "callbackType": null,
            "disabled": null
        }, {
            "id": "INVOKE_FUNCTION___bee336dfd3514862876c95c3fd910d88",
            "type": "INVOKE_FUNCTION",
            "sequenceKUID": "nav_onback_btn_press",
            "display": "nav_onback_btn_press",
            "inputparams": [],
            "parentId": null,
            "callbackType": null,
            "disabled": null
        }]
    }
}