{
    "AS_Button_328409555bad4e959fc047c2de9f5603": {
        "id": "AS_Button_328409555bad4e959fc047c2de9f5603",
        "type": "ACTION_SEQUENCE",
        "params": [{
            "datatype": "collection",
            "name": "eventobject"
        }],
        "contextObj": {
            "name": "popLongText",
            "type": "popups",
            "platform": "",
            "KUID": "40a901b128ba4278ab7b535c8bf88103"
        },
        "language": "js",
        "actions": [{
            "id": "ADD_SNIPPET__64827aefe74e4c548ca34df3222310d4",
            "type": "ADD_SNIPPET",
            "codeSnippet": "popLongText.dismiss();",
            "parentId": null,
            "callbackType": null
        }]
    }
}