{
    "AS_Button_6f349e2b8f634f3b862fa6ec034bb7be": {
        "id": "AS_Button_6f349e2b8f634f3b862fa6ec034bb7be",
        "type": "ACTION_SEQUENCE",
        "params": [{
            "datatype": "collection",
            "name": "eventobject"
        }],
        "contextObj": {
            "name": "frmLandingScreen",
            "type": "forms",
            "platform": "",
            "KUID": "91ece0819d6e4427bb1390e5421cf31f"
        },
        "language": "js",
        "actions": [{
            "id": "INVOKE_FUNCTION___be9e36f62e374b7ab69366dc08ee3b18",
            "type": "INVOKE_FUNCTION",
            "sequenceKUID": "syncOnline",
            "display": "syncOnline",
            "inputparams": [],
            "parentId": null,
            "callbackType": null,
            "disabled": null
        }]
    }
}