{
    "AS_Button_5f7acf9b727c4845b07eab90a2672337": {
        "id": "AS_Button_5f7acf9b727c4845b07eab90a2672337",
        "type": "ACTION_SEQUENCE",
        "params": [{
            "datatype": "collection",
            "name": "eventobject"
        }],
        "contextObj": {
            "name": "PopupComplete",
            "type": "popups",
            "platform": "",
            "KUID": "fa0a77769fd34f7eab0e1911a8b2668d"
        },
        "language": "js",
        "actions": [{
            "id": "ADD_SNIPPET__86fef43637dd4bd0ac9741e43a5bac2d",
            "type": "ADD_SNIPPET",
            "codeSnippet": "PopupComplete.dismiss();",
            "parentId": null,
            "callbackType": null
        }]
    }
}