{
    "AS_Calendar_7c32ff0fa5a0446c8891ee639a492ee3": {
        "id": "AS_Calendar_7c32ff0fa5a0446c8891ee639a492ee3",
        "type": "ACTION_SEQUENCE",
        "params": [{
            "datatype": "collection",
            "name": "eventobject"
        }, {
            "datatype": "boolean",
            "name": "isValidDateSelected"
        }],
        "contextObj": {
            "name": "frmLandingScreen",
            "type": "forms",
            "platform": "",
            "KUID": "91ece0819d6e4427bb1390e5421cf31f"
        },
        "language": "js",
        "actions": [{
            "id": "INVOKE_FUNCTION___1f251771f1284edba961e365700a6326",
            "type": "INVOKE_FUNCTION",
            "sequenceKUID": "six_day_check",
            "display": "six_day_check",
            "inputparams": [],
            "parentId": null,
            "callbackType": null,
            "disabled": null
        }]
    }
}