{
    "AS_Camera_ff063a81097a4bf090e63552521b8c48": {
        "id": "AS_Camera_ff063a81097a4bf090e63552521b8c48",
        "type": "ACTION_SEQUENCE",
        "params": [{
            "datatype": "collection",
            "name": "eventobject"
        }],
        "contextObj": {
            "name": "popAtachment",
            "type": "popups",
            "platform": "",
            "KUID": "7c24634715a04fd29b74ee0d7a27d687"
        },
        "language": "js",
        "actions": [{
            "id": "INVOKE_FUNCTION___0a575005a37e4f4b9c8cdd44bd78ef94",
            "type": "INVOKE_FUNCTION",
            "sequenceKUID": "onCapture",
            "display": "onCapture",
            "inputparams": [],
            "parentId": null,
            "callbackType": null,
            "disabled": null
        }]
    }
}