{
    "AS_Form_be44691b4efb4dd98fe58f34d060c9f3": {
        "id": "AS_Form_be44691b4efb4dd98fe58f34d060c9f3",
        "type": "ACTION_SEQUENCE",
        "params": [{
            "datatype": "collection",
            "name": "eventobject"
        }],
        "contextObj": {
            "name": "frmLogin",
            "type": "forms",
            "platform": "",
            "KUID": "d89f856cca0747718f2d9918dfdff43f"
        },
        "language": "js",
        "actions": [{
            "id": "ADD_SNIPPET__71a331e16ed74f09b887709b2b608ed6",
            "type": "ADD_SNIPPET",
            "codeSnippet": "hbxHeaderPop.lblHeaderName.text = \"Exit\";\npopBack.lblBack.text = \"Do You Want to Exit ?\";",
            "parentId": null,
            "callbackType": null
        }, {
            "id": "DISPLAY_POPUP___ea6994aff2c341a391c7c497e40f0544",
            "type": "DISPLAY_POPUP",
            "popupId": "popBack",
            "popupKUID": "1c228cbe18a34e7aa83bef6740575963",
            "mappings": {},
            "mappingsOrder": [],
            "parentId": null,
            "callbackType": null,
            "enableMappingEditor": true
        }]
    }
}