{
    "AS_Form_fdca76bbc71c40abbe5b0d9a347c2d5b": {
        "id": "AS_Form_fdca76bbc71c40abbe5b0d9a347c2d5b",
        "type": "ACTION_SEQUENCE",
        "params": [{
            "datatype": "collection",
            "name": "eventobject"
        }, {
            "datatype": "string",
            "name": "neworientation"
        }],
        "contextObj": {
            "name": "frmHelpScreen",
            "type": "forms",
            "platform": "",
            "KUID": "9d2dd2a616404eeebe687ea96453bc42"
        },
        "language": "js",
        "actions": [{
            "id": "INVOKE_FUNCTION___55d806dd46ac42f68c8ce46c2e940da3",
            "type": "INVOKE_FUNCTION",
            "sequenceKUID": "onDeviceBack",
            "display": "onDeviceBack",
            "inputparams": [],
            "parentId": null,
            "callbackType": null,
            "disabled": null
        }]
    }
}