{
    "AS_Form_9d63a5d5165f4b0bbfd51af20c56f02f": {
        "id": "AS_Form_9d63a5d5165f4b0bbfd51af20c56f02f",
        "type": "ACTION_SEQUENCE",
        "params": [{
            "datatype": "collection",
            "name": "eventobject"
        }],
        "contextObj": {
            "name": "frmHelpScreen",
            "type": "forms",
            "platform": "",
            "KUID": "9d2dd2a616404eeebe687ea96453bc42"
        },
        "language": "js",
        "actions": [{
            "id": "INVOKE_FUNCTION___be85af85356143d980c2136f3834455d",
            "type": "INVOKE_FUNCTION",
            "sequenceKUID": "help",
            "display": "help",
            "inputparams": [],
            "parentId": null,
            "callbackType": null,
            "disabled": null
        }]
    }
}