{
    "AS_Form_a25dfdf1bf284ae0bbecf49e2aa584fb": {
        "id": "AS_Form_a25dfdf1bf284ae0bbecf49e2aa584fb",
        "type": "ACTION_SEQUENCE",
        "params": [{
            "datatype": "collection",
            "name": "eventobject"
        }],
        "contextObj": {
            "name": "frmgetOrderList",
            "type": "forms",
            "platform": "",
            "KUID": "444bb3081ca54be2b1c78ce068331725"
        },
        "language": "js",
        "actions": [{
            "id": "INVOKE_FUNCTION___ac9bf4ac41474fb6876994bdf40481ee",
            "type": "INVOKE_FUNCTION",
            "sequenceKUID": "onDeviceBack",
            "display": "onDeviceBack",
            "inputparams": [],
            "parentId": null,
            "callbackType": null,
            "disabled": null
        }]
    }
}