{
    "AS_Form_ec2c1cd3d0054d2e8eda04ee769e85ef": {
        "id": "AS_Form_ec2c1cd3d0054d2e8eda04ee769e85ef",
        "type": "ACTION_SEQUENCE",
        "params": [{
            "datatype": "collection",
            "name": "eventobject"
        }],
        "contextObj": {
            "name": "frmGetorderZIW",
            "type": "forms",
            "platform": "",
            "KUID": "ccaeee50557e419db0483f4a77572066"
        },
        "language": "js",
        "actions": [{
            "id": "INVOKE_FUNCTION___1f683ca5a8d045a39697bf9752572aa3",
            "type": "INVOKE_FUNCTION",
            "sequenceKUID": "onDeviceBack",
            "display": "onDeviceBack",
            "inputparams": [],
            "parentId": null,
            "callbackType": null,
            "disabled": null
        }]
    }
}