{
    "AS_Form_660aa512cc6c454abe0954ee27157d39": {
        "id": "AS_Form_660aa512cc6c454abe0954ee27157d39",
        "type": "ACTION_SEQUENCE",
        "params": [{
            "datatype": "collection",
            "name": "eventobject"
        }],
        "contextObj": {
            "name": "frmLogin",
            "type": "forms",
            "platform": null,
            "KUID": "d89f856cca0747718f2d9918dfdff43f"
        },
        "language": "js",
        "actions": [{
            "id": "INVOKE_FUNCTION___427f925f04f04091ad8fdd2747afaec5",
            "type": "INVOKE_FUNCTION",
            "sequenceKUID": "initSyncSession",
            "display": "initSyncSession",
            "inputparams": [],
            "parentId": null,
            "callbackType": null,
            "disabled": null
        }]
    }
}