{
    "AS_Form_2e26099647484408bd43ad188d0207dd": {
        "id": "AS_Form_2e26099647484408bd43ad188d0207dd",
        "type": "ACTION_SEQUENCE",
        "params": [{
            "datatype": "collection",
            "name": "eventobject"
        }],
        "contextObj": {
            "name": "frmLandingScreen",
            "type": "forms",
            "platform": "",
            "KUID": "91ece0819d6e4427bb1390e5421cf31f"
        },
        "language": "js",
        "actions": [{
            "id": "INVOKE_FUNCTION___84b26f39dea04a67b91391b6f033a7bc",
            "type": "INVOKE_FUNCTION",
            "sequenceKUID": "listValues",
            "display": "listValues",
            "inputparams": [],
            "parentId": null,
            "callbackType": null,
            "disabled": null
        }]
    }
}