{
    "AS_Form_47f90f7759334f2a8e3e4d671fe5fce7": {
        "id": "AS_Form_47f90f7759334f2a8e3e4d671fe5fce7",
        "type": "ACTION_SEQUENCE",
        "params": [{
            "datatype": "collection",
            "name": "eventobject"
        }],
        "contextObj": {
            "name": "frmHome",
            "type": "forms",
            "platform": "",
            "KUID": "451b4043324149738bdbaaf08dc4409f"
        },
        "language": "js",
        "actions": [{
            "id": "INVOKE_FUNCTION___5ab75e42a26d449aa3b1149c547b15ad",
            "type": "INVOKE_FUNCTION",
            "sequenceKUID": "onDeviceBack",
            "display": "onDeviceBack",
            "inputparams": [],
            "parentId": null,
            "callbackType": null,
            "disabled": null
        }]
    }
}