{
    "AS_Form_5e817ebb7fd642528193a671b40e13d1": {
        "id": "AS_Form_5e817ebb7fd642528193a671b40e13d1",
        "type": "ACTION_SEQUENCE",
        "params": [{
            "datatype": "collection",
            "name": "eventobject"
        }],
        "contextObj": {
            "name": "frmLandingScreen",
            "type": "forms",
            "platform": "",
            "KUID": "91ece0819d6e4427bb1390e5421cf31f"
        },
        "language": "js",
        "actions": [{
            "id": "INVOKE_FUNCTION___41c68127528f4c9fbd9a58ec9ee296b4",
            "type": "INVOKE_FUNCTION",
            "sequenceKUID": "getHeaderName",
            "display": "getHeaderName",
            "inputparams": [],
            "parentId": null,
            "callbackType": null,
            "disabled": null
        }, {
            "id": "INVOKE_FUNCTION___c24c93b7f9354807b455b698f62052f0",
            "type": "INVOKE_FUNCTION",
            "sequenceKUID": "removeLandingField",
            "display": "removeLandingField",
            "inputparams": [],
            "parentId": null,
            "callbackType": null,
            "disabled": null
        }, {
            "id": "ADD_SNIPPET__ee38636262074dfb8d5c0b548de8d7f5",
            "type": "ADD_SNIPPET",
            "codeSnippet": "frmLandingScreen.lblPmTypeVal.setEnabled(false);",
            "parentId": null,
            "callbackType": null
        }]
    }
}