{
    "AS_Form_a19a97f4bda84fa39565a0ffbbb334d8": {
        "id": "AS_Form_a19a97f4bda84fa39565a0ffbbb334d8",
        "type": "ACTION_SEQUENCE",
        "params": [{
            "datatype": "collection",
            "name": "eventobject"
        }],
        "contextObj": {
            "name": "frmLandingScreen",
            "type": "forms",
            "platform": "",
            "KUID": "91ece0819d6e4427bb1390e5421cf31f"
        },
        "language": "js",
        "actions": [{
            "id": "INVOKE_FUNCTION___583e6d3d129a4c60b1f80b617ded5821",
            "type": "INVOKE_FUNCTION",
            "sequenceKUID": "onDeviceBack",
            "display": "onDeviceBack",
            "inputparams": [],
            "parentId": null,
            "callbackType": null,
            "disabled": null
        }]
    }
}