{
    "AS_HBox_27633e425ef341e3ad970da3ea90e1ab": {
        "id": "AS_HBox_27633e425ef341e3ad970da3ea90e1ab",
        "type": "ACTION_SEQUENCE",
        "params": [{
            "datatype": "collection",
            "name": "eventobject"
        }],
        "contextObj": {
            "name": "popCreateTicket",
            "type": "popups",
            "platform": "",
            "KUID": "f6b4bda45e8d4cc498638c220238f983"
        },
        "language": "js",
        "actions": [{
            "id": "INVOKE_FUNCTION___85b83f827d7c4bbaaab6f0a9abc758ce",
            "type": "INVOKE_FUNCTION",
            "sequenceKUID": "submitEmailSubject",
            "display": "submitEmailSubject",
            "inputparams": [],
            "parentId": null,
            "callbackType": null,
            "disabled": null
        }]
    }
}