{
    "AS_HBox_d4b6bb8dd8a7454db73e3be3dae24a9c": {
        "id": "AS_HBox_d4b6bb8dd8a7454db73e3be3dae24a9c",
        "type": "ACTION_SEQUENCE",
        "params": [{
            "datatype": "collection",
            "name": "eventobject"
        }],
        "contextObj": {
            "name": "popAtachment",
            "type": "popups",
            "platform": "",
            "KUID": "7c24634715a04fd29b74ee0d7a27d687"
        },
        "language": "js",
        "actions": [{
            "id": "INVOKE_FUNCTION___cb1dc36a320d4ea1aa29ac4b6d1fe14a",
            "type": "INVOKE_FUNCTION",
            "sequenceKUID": "openMediaGallery",
            "display": "openMediaGallery",
            "inputparams": [],
            "parentId": null,
            "callbackType": null,
            "disabled": null
        }]
    }
}