{
    "AS_Image_ec782938d6e74db1ad2ef9e5e37ed3fe": {
        "id": "AS_Image_ec782938d6e74db1ad2ef9e5e37ed3fe",
        "type": "ACTION_SEQUENCE",
        "params": [{
            "datatype": "collection",
            "name": "eventobject"
        }, {
            "datatype": "string",
            "name": "x"
        }, {
            "datatype": "string",
            "name": "y"
        }],
        "contextObj": {
            "name": "frmgetOrderList",
            "type": "forms",
            "platform": "",
            "KUID": "444bb3081ca54be2b1c78ce068331725"
        },
        "language": "js",
        "actions": [{
            "id": "INVOKE_FUNCTION___6ef59cae311d49728769ea31552c4203",
            "type": "INVOKE_FUNCTION",
            "sequenceKUID": "ClickOnImgofSubOrderList",
            "display": "ClickOnImgofSubOrderList",
            "inputparams": [],
            "parentId": null,
            "callbackType": null,
            "disabled": null
        }]
    }
}