{
    "AS_Image_ff8c94a18a6b4db592ae794f9c291ee2": {
        "id": "AS_Image_ff8c94a18a6b4db592ae794f9c291ee2",
        "type": "ACTION_SEQUENCE",
        "params": [{
            "datatype": "collection",
            "name": "eventobject"
        }, {
            "datatype": "string",
            "name": "x"
        }, {
            "datatype": "string",
            "name": "y"
        }],
        "contextObj": {
            "name": "frmgetOrderList",
            "type": "forms",
            "platform": "",
            "KUID": "444bb3081ca54be2b1c78ce068331725"
        },
        "language": "js",
        "actions": [{
            "id": "INVOKE_FUNCTION___86a50b1188e247d28576688e8b138ac1",
            "type": "INVOKE_FUNCTION",
            "sequenceKUID": "ibuttonClick_ZQE",
            "display": "ibuttonClick_ZQE",
            "inputparams": [],
            "parentId": null,
            "callbackType": null,
            "disabled": null
        }]
    }
}