{
    "AS_Image_0b5cf1a116db4960ad959fe7f72b84c1": {
        "id": "AS_Image_0b5cf1a116db4960ad959fe7f72b84c1",
        "type": "ACTION_SEQUENCE",
        "params": [{
            "datatype": "collection",
            "name": "eventobject"
        }, {
            "datatype": "string",
            "name": "x"
        }, {
            "datatype": "string",
            "name": "y"
        }],
        "contextObj": {
            "name": "frmGetorderZIW",
            "type": "forms",
            "platform": "",
            "KUID": "ccaeee50557e419db0483f4a77572066"
        },
        "language": "js",
        "actions": [{
            "id": "INVOKE_FUNCTION___4a33dbd0ed694f2cbbaa20bb64c2fdf8",
            "type": "INVOKE_FUNCTION",
            "sequenceKUID": "ClickOnImgOrderList_ziw44",
            "display": "ClickOnImgOrderList_ziw44",
            "inputparams": [],
            "parentId": null,
            "callbackType": null,
            "disabled": null
        }]
    }
}