{
    "AS_Image_f90fe4bd9952423daa85170e74e055f2": {
        "id": "AS_Image_f90fe4bd9952423daa85170e74e055f2",
        "type": "ACTION_SEQUENCE",
        "params": [{
            "datatype": "collection",
            "name": "eventobject"
        }, {
            "datatype": "string",
            "name": "x"
        }, {
            "datatype": "string",
            "name": "y"
        }],
        "contextObj": {
            "name": "frmGetorderZIW",
            "type": "forms",
            "platform": "",
            "KUID": "ccaeee50557e419db0483f4a77572066"
        },
        "language": "js",
        "actions": [{
            "id": "INVOKE_FUNCTION___8b2ee2500ae643d4adff7616fdf6fd36",
            "type": "INVOKE_FUNCTION",
            "sequenceKUID": "ClickOnImgofSubOrderListZI44",
            "display": "ClickOnImgofSubOrderListZI44",
            "inputparams": [],
            "parentId": null,
            "callbackType": null,
            "disabled": null
        }]
    }
}