{
    "AS_Image_f0b7fb8a99f5406a9282a064c623e3e5": {
        "id": "AS_Image_f0b7fb8a99f5406a9282a064c623e3e5",
        "type": "ACTION_SEQUENCE",
        "params": [{
            "datatype": "collection",
            "name": "eventobject"
        }, {
            "datatype": "string",
            "name": "x"
        }, {
            "datatype": "string",
            "name": "y"
        }],
        "contextObj": {
            "name": "frmGetorderZIW",
            "type": "forms",
            "platform": "",
            "KUID": "ccaeee50557e419db0483f4a77572066"
        },
        "language": "js",
        "actions": [{
            "id": "ADD_SNIPPET__19eb3b1eede2448cb463b882d9fe7958",
            "type": "ADD_SNIPPET",
            "codeSnippet": "hbxHeaderPop.lblHeaderName.text = \"Delete\";\npopDelete.show();\ndelflag = true;",
            "parentId": null,
            "callbackType": null
        }]
    }
}