{
    "AS_Image_4762f645ca7244439e8e07a198ea3027": {
        "id": "AS_Image_4762f645ca7244439e8e07a198ea3027",
        "type": "ACTION_SEQUENCE",
        "params": [{
            "datatype": "collection",
            "name": "eventobject"
        }, {
            "datatype": "string",
            "name": "x"
        }, {
            "datatype": "string",
            "name": "y"
        }],
        "contextObj": {
            "name": "frmGetorderZIW",
            "type": "forms",
            "platform": "",
            "KUID": "ccaeee50557e419db0483f4a77572066"
        },
        "language": "js",
        "actions": [{
            "id": "INVOKE_FUNCTION___4a42908a1ec940318fe286da24ed79e3",
            "type": "INVOKE_FUNCTION",
            "sequenceKUID": "IbuttonClick_i44",
            "display": "IbuttonClick_i44",
            "inputparams": [],
            "parentId": null,
            "callbackType": null,
            "disabled": null
        }]
    }
}