{
    "AS_Image_774e0131f75e4879afe6ac621c462bee": {
        "id": "AS_Image_774e0131f75e4879afe6ac621c462bee",
        "type": "ACTION_SEQUENCE",
        "params": [{
            "datatype": "collection",
            "name": "eventobject"
        }, {
            "datatype": "string",
            "name": "x"
        }, {
            "datatype": "string",
            "name": "y"
        }],
        "contextObj": {
            "name": "tempHeader",
            "type": "templates",
            "platform": "",
            "KUID": "1583e10edb434507871f0c53a89d8277"
        },
        "language": "js",
        "actions": [{
            "id": "INVOKE_FUNCTION___4d140c6176434c2e92f376667af4c073",
            "type": "INVOKE_FUNCTION",
            "sequenceKUID": "nav_onhome_img_click",
            "display": "nav_onhome_img_click",
            "inputparams": [],
            "parentId": null,
            "callbackType": null,
            "disabled": null
        }]
    }
}