{
    "AS_Image_73b7da3b8d1a47e2a12e2b155786901a": {
        "id": "AS_Image_73b7da3b8d1a47e2a12e2b155786901a",
        "type": "ACTION_SEQUENCE",
        "params": [{
            "datatype": "collection",
            "name": "eventobject"
        }, {
            "datatype": "string",
            "name": "x"
        }, {
            "datatype": "string",
            "name": "y"
        }],
        "contextObj": {
            "name": "frmLandingScreen",
            "type": "forms",
            "platform": "",
            "KUID": "91ece0819d6e4427bb1390e5421cf31f"
        },
        "language": "js",
        "actions": [{
            "id": "INVOKE_FUNCTION___e0ad2c10be0e4d4c9bc48db37105501b",
            "type": "INVOKE_FUNCTION",
            "sequenceKUID": "set_popval",
            "display": "set_popval",
            "inputparams": [{
                "name": "headername",
                "value": " \"PmaType\"\n"
            }, {
                "name": "popupName",
                "value": " popPrevNext\n"
            }, {
                "name": "selectedList",
                "value": " frmLandingScreen.lblPmTypeVal"
            }],
            "parentId": null,
            "callbackType": null,
            "disabled": null
        }]
    }
}