{
    "AS_Image_62e37ccd8fbc45c38839ef7872764c77": {
        "id": "AS_Image_62e37ccd8fbc45c38839ef7872764c77",
        "type": "ACTION_SEQUENCE",
        "params": [{
            "datatype": "collection",
            "name": "eventobject"
        }, {
            "datatype": "string",
            "name": "x"
        }, {
            "datatype": "string",
            "name": "y"
        }],
        "contextObj": {
            "name": "tempHeader",
            "type": "templates",
            "platform": "",
            "KUID": "1583e10edb434507871f0c53a89d8277"
        },
        "language": "js",
        "actions": [{
            "id": "INVOKE_FUNCTION___8251118ac9b84978b9d92b051ddac601",
            "type": "INVOKE_FUNCTION",
            "sequenceKUID": "nav_onclick_imghelpbtn",
            "display": "nav_onclick_imghelpbtn",
            "inputparams": [],
            "parentId": null,
            "callbackType": null,
            "disabled": null
        }]
    }
}