{
    "AS_Image_5232eddf924147ef901c05395bd0674d": {
        "id": "AS_Image_5232eddf924147ef901c05395bd0674d",
        "type": "ACTION_SEQUENCE",
        "params": [{
            "datatype": "collection",
            "name": "eventobject"
        }, {
            "datatype": "string",
            "name": "x"
        }, {
            "datatype": "string",
            "name": "y"
        }],
        "contextObj": {
            "name": "tempHeader",
            "type": "templates",
            "platform": "",
            "KUID": "1583e10edb434507871f0c53a89d8277"
        },
        "language": "js",
        "actions": [{
            "id": "INVOKE_FUNCTION___f421b349ee874cbcb704277b4db08c99",
            "type": "INVOKE_FUNCTION",
            "sequenceKUID": "back_NavigateOrder",
            "display": "back_NavigateOrder",
            "inputparams": [],
            "parentId": null,
            "callbackType": null,
            "disabled": null
        }]
    }
}