{
    "AS_Image_77bf94f0087d4f8fa6878ad0606e4cc8": {
        "id": "AS_Image_77bf94f0087d4f8fa6878ad0606e4cc8",
        "type": "ACTION_SEQUENCE",
        "params": [{
            "datatype": "collection",
            "name": "eventobject"
        }, {
            "datatype": "string",
            "name": "x"
        }, {
            "datatype": "string",
            "name": "y"
        }],
        "contextObj": {
            "name": "frmLandingScreen",
            "type": "forms",
            "platform": "",
            "KUID": "91ece0819d6e4427bb1390e5421cf31f"
        },
        "language": "js",
        "actions": [{
            "id": "INVOKE_FUNCTION___ee6dfe09f676422389b409943ef6c8c0",
            "type": "INVOKE_FUNCTION",
            "sequenceKUID": "set_popval",
            "display": "set_popval",
            "inputparams": [{
                "name": "headername",
                "value": "\"PMOrderType\"\n"
            }, {
                "name": "popupName",
                "value": " popPrevNext\n "
            }, {
                "name": "selectedList",
                "value": "frmLandingScreen.lblPmOrderVal"
            }],
            "parentId": null,
            "callbackType": null,
            "disabled": null
        }]
    }
}