{
    "AS_Image_9dc312deccab4ae2833b1f8889ecca76": {
        "id": "AS_Image_9dc312deccab4ae2833b1f8889ecca76",
        "type": "ACTION_SEQUENCE",
        "params": [{
            "datatype": "collection",
            "name": "eventobject"
        }, {
            "datatype": "string",
            "name": "x"
        }, {
            "datatype": "string",
            "name": "y"
        }],
        "contextObj": {
            "name": "frmHome",
            "type": "forms",
            "platform": "",
            "KUID": "451b4043324149738bdbaaf08dc4409f"
        },
        "language": "js",
        "actions": [{
            "id": "NAVIGATE_TO_FORM___52bae690087b404389b344851c6b8e4e",
            "type": "NAVIGATE_TO_FORM",
            "formId": "frmLandingScreen",
            "formKUID": "91ece0819d6e4427bb1390e5421cf31f",
            "mappings": {},
            "mappingsOrder": [],
            "parentId": "",
            "callbackType": null,
            "enableMappingEditor": true
        }]
    }
}