{
    "AS_Image_5138ea7cc0ea4474aeb2ea01308e667c": {
        "id": "AS_Image_5138ea7cc0ea4474aeb2ea01308e667c",
        "type": "ACTION_SEQUENCE",
        "params": [{
            "datatype": "collection",
            "name": "eventobject"
        }, {
            "datatype": "string",
            "name": "x"
        }, {
            "datatype": "string",
            "name": "y"
        }],
        "contextObj": {
            "name": "Temp",
            "type": "templates",
            "platform": "",
            "KUID": "580c2bb45a4144bab218f3c9f9f00a5a"
        },
        "language": "js",
        "actions": [{
            "id": "INVOKE_FUNCTION___fc195fe231244809be64bd2984d963d5",
            "type": "INVOKE_FUNCTION",
            "sequenceKUID": "confg_BtnClick",
            "display": "confg_BtnClick",
            "inputparams": [],
            "parentId": null,
            "callbackType": null,
            "disabled": null
        }]
    }
}