{
    "AS_Image_f04ef17869684f05840bdcbdbf7016dd": {
        "id": "AS_Image_f04ef17869684f05840bdcbdbf7016dd",
        "type": "ACTION_SEQUENCE",
        "params": [{
            "datatype": "collection",
            "name": "eventobject"
        }, {
            "datatype": "string",
            "name": "x"
        }, {
            "datatype": "string",
            "name": "y"
        }],
        "contextObj": {
            "name": "frmLandingScreen",
            "type": "forms",
            "platform": "",
            "KUID": "91ece0819d6e4427bb1390e5421cf31f"
        },
        "language": "js",
        "actions": [{
            "id": "INVOKE_FUNCTION___df2a4807fe664c1684b069851715b6be",
            "type": "INVOKE_FUNCTION",
            "sequenceKUID": "set_popval",
            "display": "set_popval",
            "inputparams": [{
                "name": "headername",
                "value": "\"PlannerGroup\"\n "
            }, {
                "name": "popupName",
                "value": "popPrevNext\n "
            }, {
                "name": "selectedList",
                "value": "frmLandingScreen.lblPgValue"
            }],
            "parentId": null,
            "callbackType": null,
            "disabled": null
        }]
    }
}