{
    "AS_Image_a3cd27c8d7a046cbbdc9fda5b35d1cfe": {
        "id": "AS_Image_a3cd27c8d7a046cbbdc9fda5b35d1cfe",
        "type": "ACTION_SEQUENCE",
        "params": [{
            "datatype": "collection",
            "name": "eventobject"
        }, {
            "datatype": "string",
            "name": "x"
        }, {
            "datatype": "string",
            "name": "y"
        }],
        "contextObj": {
            "name": "frmgetOrderList",
            "type": "forms",
            "platform": "",
            "KUID": "444bb3081ca54be2b1c78ce068331725"
        },
        "language": "js",
        "actions": [{
            "id": "INVOKE_FUNCTION___d8e0e55914284ef48f79761329c536fd",
            "type": "INVOKE_FUNCTION",
            "sequenceKUID": "ClickOnImgOrderList",
            "display": "ClickOnImgOrderList",
            "inputparams": [],
            "parentId": null,
            "callbackType": null,
            "disabled": null
        }]
    }
}