{
    "AS_Image_88f21c4c83a14c0bbdf105db3ebd9d38": {
        "id": "AS_Image_88f21c4c83a14c0bbdf105db3ebd9d38",
        "type": "ACTION_SEQUENCE",
        "params": [{
            "datatype": "collection",
            "name": "eventobject"
        }, {
            "datatype": "string",
            "name": "x"
        }, {
            "datatype": "string",
            "name": "y"
        }],
        "contextObj": {
            "name": "Temp",
            "type": "templates",
            "platform": "",
            "KUID": "580c2bb45a4144bab218f3c9f9f00a5a"
        },
        "language": "js",
        "actions": [{
            "id": "INVOKE_FUNCTION___0fadae2c52164cd8bcfe96758f9ad287",
            "type": "INVOKE_FUNCTION",
            "sequenceKUID": "nofityPriorty_BtnClick",
            "display": "nofityPriorty_BtnClick",
            "inputparams": [],
            "parentId": null,
            "callbackType": null,
            "disabled": null
        }]
    }
}