{
    "AS_Image_01d3a9e2d933461d8725490f5b868c62": {
        "id": "AS_Image_01d3a9e2d933461d8725490f5b868c62",
        "type": "ACTION_SEQUENCE",
        "params": [{
            "datatype": "collection",
            "name": "eventobject"
        }, {
            "datatype": "string",
            "name": "x"
        }, {
            "datatype": "string",
            "name": "y"
        }],
        "contextObj": {
            "name": "frmgetOrderList",
            "type": "forms",
            "platform": "",
            "KUID": "444bb3081ca54be2b1c78ce068331725"
        },
        "language": "js",
        "actions": [{
            "id": "INVOKE_FUNCTION___dbf9cd8d2c34438da5ba0fb3f64376d7",
            "type": "INVOKE_FUNCTION",
            "sequenceKUID": "SyncBtn_Onclick",
            "display": "SyncBtn_Onclick",
            "inputparams": [],
            "parentId": null,
            "callbackType": null,
            "disabled": null
        }]
    }
}