{
    "AS_Image_b6592e2a52cf473198f4e51a987c6789": {
        "id": "AS_Image_b6592e2a52cf473198f4e51a987c6789",
        "type": "ACTION_SEQUENCE",
        "params": [{
            "datatype": "collection",
            "name": "eventobject"
        }, {
            "datatype": "string",
            "name": "x"
        }, {
            "datatype": "string",
            "name": "y"
        }],
        "contextObj": {
            "name": "frmLandingScreen",
            "type": "forms",
            "platform": "",
            "KUID": "91ece0819d6e4427bb1390e5421cf31f"
        },
        "language": "js",
        "actions": [{
            "id": "INVOKE_FUNCTION___06ea6a74cf364a27a0fbeed5b21831e8",
            "type": "INVOKE_FUNCTION",
            "sequenceKUID": "set_popval",
            "display": "set_popval",
            "inputparams": [{
                "name": "headername",
                "value": "\"PlantSection\""
            }, {
                "name": "popupName",
                "value": "popPrevNext"
            }, {
                "name": "selectedList",
                "value": "frmLandingScreen.lblPsValue\n"
            }],
            "parentId": null,
            "callbackType": null,
            "disabled": null
        }]
    }
}