{
    "AS_Label_7e38c01891e841059aa86fda9f32d809": {
        "id": "AS_Label_7e38c01891e841059aa86fda9f32d809",
        "type": "ACTION_SEQUENCE",
        "params": [{
            "datatype": "collection",
            "name": "eventobject"
        }, {
            "datatype": "string",
            "name": "x"
        }, {
            "datatype": "string",
            "name": "y"
        }],
        "contextObj": {
            "name": "frmLandingScreen",
            "type": "forms",
            "platform": "",
            "KUID": "91ece0819d6e4427bb1390e5421cf31f"
        },
        "language": "js",
        "actions": [{
            "id": "INVOKE_FUNCTION___71f4f683d4284250bbc80bc93fea37f5",
            "type": "INVOKE_FUNCTION",
            "sequenceKUID": "set_popval",
            "display": "set_popval",
            "inputparams": [{
                "name": "headername",
                "value": "\"Inspection Route\"\n "
            }, {
                "name": "popupName",
                "value": "popPrevNext\n"
            }, {
                "name": "selectedList",
                "value": " frmLandingScreen.lblInsValue"
            }],
            "parentId": null,
            "callbackType": null,
            "disabled": null
        }]
    }
}