{
    "AS_Label_47ebc60220204a8abfecab63eb90c996": {
        "id": "AS_Label_47ebc60220204a8abfecab63eb90c996",
        "type": "ACTION_SEQUENCE",
        "params": [{
            "datatype": "collection",
            "name": "eventobject"
        }, {
            "datatype": "string",
            "name": "x"
        }, {
            "datatype": "string",
            "name": "y"
        }],
        "contextObj": {
            "name": "frmGetorderZIW",
            "type": "forms",
            "platform": "",
            "KUID": "ccaeee50557e419db0483f4a77572066"
        },
        "language": "js",
        "actions": [{
            "id": "INVOKE_FUNCTION___f11df0dfbaff4714800b39118a22b8ee",
            "type": "INVOKE_FUNCTION",
            "sequenceKUID": "onClickFetchedOrderAll",
            "display": "onClickFetchedOrderAll",
            "inputparams": [{
                "name": "input"
            }],
            "parentId": null,
            "callbackType": null,
            "disabled": null
        }]
    }
}