{
    "AS_Label_5c5c043a0e64424b8d2c31113d4e9a47": {
        "id": "AS_Label_5c5c043a0e64424b8d2c31113d4e9a47",
        "type": "ACTION_SEQUENCE",
        "params": [{
            "datatype": "collection",
            "name": "eventobject"
        }, {
            "datatype": "string",
            "name": "x"
        }, {
            "datatype": "string",
            "name": "y"
        }],
        "contextObj": {
            "name": "frmLandingScreen",
            "type": "forms",
            "platform": "",
            "KUID": "91ece0819d6e4427bb1390e5421cf31f"
        },
        "language": "js",
        "actions": [{
            "id": "INVOKE_FUNCTION___655d4f738f384bd6b72229ac6a76d962",
            "type": "INVOKE_FUNCTION",
            "sequenceKUID": "set_popval",
            "display": "set_popval",
            "inputparams": [{
                "name": "headername",
                "value": "\"PMOrderType\"\n "
            }, {
                "name": "popupName",
                "value": "popPrevNext\n"
            }, {
                "name": "selectedList",
                "value": " frmLandingScreen.lblPmOrderVal"
            }],
            "parentId": null,
            "callbackType": null,
            "disabled": null
        }]
    }
}