{
    "AS_Label_b983fc8fbb0b4ad6ab8860a6f508ed22": {
        "id": "AS_Label_b983fc8fbb0b4ad6ab8860a6f508ed22",
        "type": "ACTION_SEQUENCE",
        "params": [{
            "datatype": "collection",
            "name": "eventobject"
        }, {
            "datatype": "string",
            "name": "x"
        }, {
            "datatype": "string",
            "name": "y"
        }],
        "contextObj": {
            "name": "Temp",
            "type": "templates",
            "platform": "",
            "KUID": "580c2bb45a4144bab218f3c9f9f00a5a"
        },
        "language": "js",
        "actions": [{
            "id": "INVOKE_FUNCTION___b20636d872cd4243aa8e55be6985f12c",
            "type": "INVOKE_FUNCTION",
            "sequenceKUID": "call_empty_func",
            "display": "call_empty_func",
            "inputparams": [],
            "parentId": null,
            "callbackType": null,
            "disabled": null
        }]
    }
}