{
    "AS_Label_2cbcf874e0764d0d86393d82ead218e0": {
        "id": "AS_Label_2cbcf874e0764d0d86393d82ead218e0",
        "type": "ACTION_SEQUENCE",
        "params": [{
            "datatype": "collection",
            "name": "eventobject"
        }, {
            "datatype": "string",
            "name": "x"
        }, {
            "datatype": "string",
            "name": "y"
        }],
        "contextObj": {
            "name": "frmgetOrderList",
            "type": "forms",
            "platform": "",
            "KUID": "444bb3081ca54be2b1c78ce068331725"
        },
        "language": "js",
        "actions": [{
            "id": "INVOKE_FUNCTION___77e6532193ac4ee389228a1099aac233",
            "type": "INVOKE_FUNCTION",
            "sequenceKUID": "onClickFetchedOrder",
            "display": "onClickFetchedOrder",
            "inputparams": [{
                "name": "input",
                "value": " eventobject"
            }],
            "parentId": null,
            "callbackType": null,
            "disabled": null
        }]
    }
}