{
    "AS_Label_88d96b27413b4e0395b7e3039260ffbb": {
        "id": "AS_Label_88d96b27413b4e0395b7e3039260ffbb",
        "type": "ACTION_SEQUENCE",
        "params": [{
            "datatype": "collection",
            "name": "eventobject"
        }, {
            "datatype": "string",
            "name": "x"
        }, {
            "datatype": "string",
            "name": "y"
        }],
        "contextObj": {
            "name": "frmgetOrderList",
            "type": "forms",
            "platform": "",
            "KUID": "444bb3081ca54be2b1c78ce068331725"
        },
        "language": "js",
        "actions": [{
            "id": "INVOKE_FUNCTION___002d6ed9ffc143d8994fe278ce8a2dc4",
            "type": "INVOKE_FUNCTION",
            "sequenceKUID": "onClickFetchedOrder",
            "display": "onClickFetchedOrder",
            "inputparams": [{
                "name": "input",
                "value": " eventobject"
            }],
            "parentId": null,
            "callbackType": null,
            "disabled": null
        }]
    }
}