{
    "AS_Label_90ba82736ddf4401b8d603409b289b84": {
        "id": "AS_Label_90ba82736ddf4401b8d603409b289b84",
        "type": "ACTION_SEQUENCE",
        "params": [{
            "datatype": "collection",
            "name": "eventobject"
        }, {
            "datatype": "string",
            "name": "x"
        }, {
            "datatype": "string",
            "name": "y"
        }],
        "contextObj": {
            "name": "frmGetorderZIW",
            "type": "forms",
            "platform": "",
            "KUID": "ccaeee50557e419db0483f4a77572066"
        },
        "language": "js",
        "actions": [{
            "id": "INVOKE_FUNCTION___4378a959d6d64243a8761f7092c1f902",
            "type": "INVOKE_FUNCTION",
            "sequenceKUID": "onClickFetchedOrderAll",
            "display": "onClickFetchedOrderAll",
            "inputparams": [{
                "name": "input"
            }],
            "parentId": null,
            "callbackType": null,
            "disabled": null
        }]
    }
}