{
    "AS_Popup_f413b6fba8b846d98013c3e34712174a": {
        "id": "AS_Popup_f413b6fba8b846d98013c3e34712174a",
        "type": "ACTION_SEQUENCE",
        "params": [{
            "datatype": "collection",
            "name": "eventobject"
        }],
        "contextObj": {
            "name": "popNotification",
            "type": "popups",
            "platform": "",
            "KUID": "f0877d1bddfe4e5683d2024ad7fd28c7"
        },
        "language": "js",
        "actions": [{
            "id": "ADD_SNIPPET__fb444eba43bf45eeadbb7249008ac858",
            "type": "ADD_SNIPPET",
            "codeSnippet": "popNotification.destroy();",
            "parentId": null,
            "callbackType": null
        }]
    }
}