{
    "AS_Popup_a744dc530be540ba888b9d1e7f4cf958": {
        "id": "AS_Popup_a744dc530be540ba888b9d1e7f4cf958",
        "type": "ACTION_SEQUENCE",
        "params": [{
            "datatype": "collection",
            "name": "eventobject"
        }],
        "contextObj": {
            "name": "popCreateTicket",
            "type": "popups",
            "platform": "",
            "KUID": "f6b4bda45e8d4cc498638c220238f983"
        },
        "language": "js",
        "actions": [{
            "id": "ADD_SNIPPET__a47a3dc22fbc496c8f756e30df500496",
            "type": "ADD_SNIPPET",
            "codeSnippet": "popCreateTicket.destroy();",
            "parentId": null,
            "callbackType": null
        }]
    }
}