{
    "AS_Popup_ca09fab9e7944307bd3c3ec07914ac30": {
        "id": "AS_Popup_ca09fab9e7944307bd3c3ec07914ac30",
        "type": "ACTION_SEQUENCE",
        "params": [{
            "datatype": "collection",
            "name": "eventobject"
        }],
        "contextObj": {
            "name": "popAtachment",
            "type": "popups",
            "platform": "",
            "KUID": "7c24634715a04fd29b74ee0d7a27d687"
        },
        "language": "js",
        "actions": [{
            "id": "ADD_SNIPPET__47adc744d2ec49c38256440664020030",
            "type": "ADD_SNIPPET",
            "codeSnippet": "hbxHeaderPop.lblHeaderName.text = \"Attachment\";",
            "parentId": null,
            "callbackType": null
        }]
    }
}