{
    "AS_Popup_081ea3036c1a4a9d89f0e485144f5afd": {
        "id": "AS_Popup_081ea3036c1a4a9d89f0e485144f5afd",
        "type": "ACTION_SEQUENCE",
        "params": [{
            "datatype": "collection",
            "name": "eventobject"
        }],
        "contextObj": {
            "name": "popGetOrder",
            "type": "popups",
            "platform": "",
            "KUID": "db7513921e454b15a6f1383891f01186"
        },
        "language": "js",
        "actions": [{
            "id": "ADD_SNIPPET__49aac51b863b411186b35a2950200cec",
            "type": "ADD_SNIPPET",
            "codeSnippet": null,
            "parentId": null,
            "callbackType": null
        }, {
            "id": "ADD_SNIPPET__a5288904a7c1499588b229632c936b5b",
            "type": "ADD_SNIPPET",
            "codeSnippet": "popGetOrder.dismiss();",
            "parentId": null,
            "callbackType": null
        }]
    }
}