{
    "AS_Popup_a060e814181a487084f11f9f9406f53c": {
        "id": "AS_Popup_a060e814181a487084f11f9f9406f53c",
        "type": "ACTION_SEQUENCE",
        "params": [{
            "datatype": "collection",
            "name": "eventobject"
        }],
        "contextObj": {
            "name": "popNotification",
            "type": "popups",
            "platform": "",
            "KUID": "f0877d1bddfe4e5683d2024ad7fd28c7"
        },
        "language": "js",
        "actions": [{
            "id": "ADD_SNIPPET__96ac20457b434b559838b179a9ffa64b",
            "type": "ADD_SNIPPET",
            "codeSnippet": "hbxHeaderPop.lblHeaderName.text = \"Notification\";",
            "parentId": null,
            "callbackType": null
        }]
    }
}