{
    "AS_Segment_0ed26d15191d466bb5ed1299dd2afd8b": {
        "id": "AS_Segment_0ed26d15191d466bb5ed1299dd2afd8b",
        "type": "ACTION_SEQUENCE",
        "params": [{
            "datatype": "collection",
            "name": "eventobject"
        }, {
            "datatype": "number",
            "name": "sectionNumber"
        }, {
            "datatype": "number",
            "name": "rowNumber"
        }],
        "contextObj": {
            "name": "popPrevNext",
            "type": "popups",
            "platform": "",
            "KUID": "ed5331b481dd45b9acd2154b71d6d0b9"
        },
        "language": "js",
        "actions": [{
            "id": "INVOKE_FUNCTION___aff646f03f214490b62b186a5a7c1ee0",
            "type": "INVOKE_FUNCTION",
            "sequenceKUID": "rowSegCLick",
            "display": "rowSegCLick",
            "inputparams": [{
                "name": "headername"
            }],
            "parentId": null,
            "callbackType": null,
            "disabled": null
        }]
    }
}