{
    "AS_Segment_5c9ea9fb73c34be1adb0365c1f3e8ea2": {
        "id": "AS_Segment_5c9ea9fb73c34be1adb0365c1f3e8ea2",
        "type": "ACTION_SEQUENCE",
        "params": [{
            "datatype": "collection",
            "name": "eventobject"
        }, {
            "datatype": "number",
            "name": "sectionNumber"
        }, {
            "datatype": "number",
            "name": "rowNumber"
        }],
        "contextObj": {
            "name": "PopupQualitative",
            "type": "popups",
            "platform": "",
            "KUID": "68d5ed6f19314ee9af8d0f0a8a38dc5d"
        },
        "language": "js",
        "actions": [{
            "id": "INVOKE_FUNCTION___ee7c415a8b554edd8bbbc240bd0c5bf9",
            "type": "INVOKE_FUNCTION",
            "sequenceKUID": "OnClickQualitavive",
            "display": "OnClickQualitavive",
            "inputparams": [],
            "parentId": null,
            "callbackType": null,
            "disabled": null
        }]
    }
}