{
    "AS_Segment_16358616ca944388a30923fcf0703748": {
        "id": "AS_Segment_16358616ca944388a30923fcf0703748",
        "type": "ACTION_SEQUENCE",
        "params": [{
            "datatype": "collection",
            "name": "eventobject"
        }, {
            "datatype": "number",
            "name": "sectionNumber"
        }, {
            "datatype": "number",
            "name": "rowNumber"
        }],
        "contextObj": {
            "name": "popNotifyPriorty",
            "type": "popups",
            "platform": "",
            "KUID": "f696fbc185484b21abb57a9a2022982b"
        },
        "language": "js",
        "actions": [{
            "id": "INVOKE_FUNCTION___5bb36927fc414379aa7a3923d2fbcc23",
            "type": "INVOKE_FUNCTION",
            "sequenceKUID": "OnSelectNotfytxt",
            "display": "OnSelectNotfytxt",
            "inputparams": [],
            "parentId": null,
            "callbackType": null,
            "disabled": true
        }, {
            "id": "ADD_SNIPPET__970485019d164911b468ca58f7e7f5ff",
            "type": "ADD_SNIPPET",
            "codeSnippet": " popNotifyPriorty.dismiss();",
            "parentId": null,
            "callbackType": null
        }]
    }
}