{
    "AS_Segment_cfb1cf2af04f4986b1643745107c2315": {
        "id": "AS_Segment_cfb1cf2af04f4986b1643745107c2315",
        "type": "ACTION_SEQUENCE",
        "params": [{
            "datatype": "collection",
            "name": "eventobject"
        }, {
            "datatype": "number",
            "name": "sectionNumber"
        }, {
            "datatype": "number",
            "name": "rowNumber"
        }],
        "contextObj": {
            "name": "frmGetorderZIW",
            "type": "forms",
            "platform": "",
            "KUID": "ccaeee50557e419db0483f4a77572066"
        },
        "language": "js",
        "actions": [{
            "id": "INVOKE_FUNCTION___03a7d07c02f343a1b0f83107d86d9d3c",
            "type": "INVOKE_FUNCTION",
            "sequenceKUID": "OnSegRowClickGetOrder_ziw",
            "display": "OnSegRowClickGetOrder_ziw",
            "inputparams": [],
            "parentId": null,
            "callbackType": null,
            "disabled": null
        }]
    }
}