{
    "AS_Segment_9fc9d768ae5c46f8a61a1ffe84c5ef67": {
        "id": "AS_Segment_9fc9d768ae5c46f8a61a1ffe84c5ef67",
        "type": "ACTION_SEQUENCE",
        "params": [{
            "datatype": "collection",
            "name": "eventobject"
        }, {
            "datatype": "number",
            "name": "sectionNumber"
        }, {
            "datatype": "number",
            "name": "rowNumber"
        }],
        "contextObj": {
            "name": "PopupConfigText",
            "type": "popups",
            "platform": "",
            "KUID": "132e5f98eb3444c49e73f09e62baf5f0"
        },
        "language": "js",
        "actions": [{
            "id": "INVOKE_FUNCTION___155fd3fe525e425baf35f42f7b556e13",
            "type": "INVOKE_FUNCTION",
            "sequenceKUID": "OnSelectConfigtxt",
            "display": "OnSelectConfigtxt",
            "inputparams": [],
            "parentId": null,
            "callbackType": null,
            "disabled": null
        }]
    }
}