{
    "AS_Segment_2df2615e3d024a7c886562fd4a12b840": {
        "id": "AS_Segment_2df2615e3d024a7c886562fd4a12b840",
        "type": "ACTION_SEQUENCE",
        "params": [{
            "datatype": "collection",
            "name": "eventobject"
        }, {
            "datatype": "number",
            "name": "sectionNumber"
        }, {
            "datatype": "number",
            "name": "rowNumber"
        }],
        "contextObj": {
            "name": "PopupNotificationText",
            "type": "popups",
            "platform": "",
            "KUID": "6805050cb51b4a0f925204f67acabb97"
        },
        "language": "js",
        "actions": [{
            "id": "INVOKE_FUNCTION___950d1e993bb54234a6a900f569e7015d",
            "type": "INVOKE_FUNCTION",
            "sequenceKUID": "OnSelectNotfytxt",
            "display": "OnSelectNotfytxt",
            "inputparams": [],
            "parentId": null,
            "callbackType": null,
            "disabled": null
        }]
    }
}