{
    "AS_TextField_0f1c3ce46e544c16a04a61b6d343c2df": {
        "id": "AS_TextField_0f1c3ce46e544c16a04a61b6d343c2df",
        "type": "ACTION_SEQUENCE",
        "params": [{
            "datatype": "collection",
            "name": "eventobject"
        }, {
            "datatype": "string",
            "name": "changedtext"
        }],
        "contextObj": {
            "name": "TempZWE53",
            "type": "templates",
            "platform": "",
            "KUID": "7108a05e75124870950769cf3d61761f"
        },
        "language": "js",
        "actions": [{
            "id": "INVOKE_FUNCTION___2a4e05e44d29444aae7c38ed9c79bfb3",
            "type": "INVOKE_FUNCTION",
            "sequenceKUID": "OnTextChange_Textbox",
            "display": "OnTextChange_Textbox",
            "inputparams": [],
            "parentId": null,
            "callbackType": null,
            "disabled": null
        }]
    }
}