{
    "AS_TextField_e81d07c0d8c3489797248b9ba861e96c": {
        "id": "AS_TextField_e81d07c0d8c3489797248b9ba861e96c",
        "type": "ACTION_SEQUENCE",
        "params": [{
            "datatype": "collection",
            "name": "eventobject"
        }, {
            "datatype": "string",
            "name": "changedtext"
        }],
        "contextObj": {
            "name": "TempZWE53",
            "type": "templates",
            "platform": "",
            "KUID": "7108a05e75124870950769cf3d61761f"
        },
        "language": "js",
        "actions": [{
            "id": "INVOKE_FUNCTION___4954fa09fce649bd87c0593af10bf814",
            "type": "INVOKE_FUNCTION",
            "sequenceKUID": "RangeCheck",
            "display": "RangeCheck",
            "inputparams": [],
            "parentId": null,
            "callbackType": null,
            "disabled": null
        }]
    }
}