{
    "AS_TextField_cec6d887529a484598a5dd97c1869c5d": {
        "id": "AS_TextField_cec6d887529a484598a5dd97c1869c5d",
        "type": "ACTION_SEQUENCE",
        "params": [{
            "datatype": "collection",
            "name": "eventobject"
        }, {
            "datatype": "string",
            "name": "changedtext"
        }],
        "contextObj": {
            "name": "frmLogin",
            "type": "forms",
            "platform": null,
            "KUID": "d89f856cca0747718f2d9918dfdff43f"
        },
        "language": "js",
        "actions": [{
            "id": "INVOKE_FUNCTION___40cf4d557f154a52a2e87d026d1db20c",
            "type": "INVOKE_FUNCTION",
            "sequenceKUID": "specialCharacter",
            "display": "specialCharacter",
            "inputparams": [],
            "parentId": null,
            "callbackType": null,
            "disabled": null
        }]
    }
}