{
    "AS_VBox_4090fc9734b340c1b52f0f6315b564f3": {
        "id": "AS_VBox_4090fc9734b340c1b52f0f6315b564f3",
        "type": "ACTION_SEQUENCE",
        "params": [{
            "datatype": "collection",
            "name": "eventobject"
        }],
        "contextObj": {
            "name": "popPrevNext",
            "type": "popups",
            "platform": "",
            "KUID": "ed5331b481dd45b9acd2154b71d6d0b9"
        },
        "language": "js",
        "actions": [{
            "id": "ADD_SNIPPET__4879e2de069b4db08a3fe1b6300e544f",
            "type": "ADD_SNIPPET",
            "codeSnippet": "popPrevNext.txtSearch.text = \"\";",
            "parentId": null,
            "callbackType": null
        }, {
            "id": "INVOKE_FUNCTION___9427925d195e448aa03cbb971160ca43",
            "type": "INVOKE_FUNCTION",
            "sequenceKUID": "popup_Dismiss",
            "display": "popup_Dismiss",
            "inputparams": [],
            "parentId": null,
            "callbackType": null,
            "disabled": null
        }]
    }
}