{
    "AS_VBox_7fc7e8ede1ee4ae19aaee8d1cb05e59c": {
        "id": "AS_VBox_7fc7e8ede1ee4ae19aaee8d1cb05e59c",
        "type": "ACTION_SEQUENCE",
        "params": [{
            "datatype": "collection",
            "name": "eventobject"
        }],
        "contextObj": {
            "name": "TempPopNotification",
            "type": "templates",
            "platform": "",
            "KUID": "bda9b33a35534e448f6cc7b448fc3479"
        },
        "language": "js",
        "actions": [{
            "id": "INVOKE_FUNCTION___576ded004baf4276ab236f96133792e8",
            "type": "INVOKE_FUNCTION",
            "sequenceKUID": "popupNotification_Cancel",
            "display": "popupNotification_Cancel",
            "inputparams": [],
            "parentId": null,
            "callbackType": null,
            "disabled": null
        }]
    }
}